period,iso3,country,china_units,mirror_units,china_value_usd,mirror_value_usd,mirror_value_basis,units_difference_pct,mirror_qty_estimated
2024-01,AGO,Angola,144.0,178.799,1024952.0,3143969.62,FOB,0.24165972222222232,True
2024-01,ARG,Argentina,271.0,2289.0,1790007.0,26665444.85,FOB,7.446494464944649,False
2024-01,AUS,Australia,20649.0,18097.0,407317546.0,458780274.884,FOB,-0.12358952007361135,False
2024-01,BHR,Bahrain,682.0,733.0,8365668.0,11828626.214,CIF/import value,0.07478005865102633,False
2024-01,BRB,Barbados,48.0,34.925,1402763.0,1102784.0,CIF/import value,-0.2723958333333334,True
2024-01,BEL,Belgium,23976.0,3924.68,699620162.0,108853612.536,CIF/import value,-0.836307974641308,False
2024-01,BLZ,Belize,17.0,4.388,84960.0,135975.29,CIF/import value,-0.7418823529411764,True
2024-01,BOL,Bolivia (Plurinational State of),971.0,619.96,8417128.0,10919315.0,FOB,-0.361524201853759,True
2024-01,BIH,Bosnia Herzegovina,6.0,10.587,34800.0,241719.279,CIF/import value,0.7645,True
2024-01,BRA,Brazil,11216.0,5211.0,176180769.0,108857661.0,FOB,-0.5353958630527818,False
2024-01,BGR,Bulgaria,341.0,778.0,2092185.0,1797479.759,CIF/import value,1.2815249266862172,False
2024-01,BFA,Burkina Faso,4.0,7.372,9244.0,245018.35,CIF/import value,0.843,True
2024-01,CPV,Cabo Verde,16.0,73.119,128874.0,1428951.525,FOB,3.5699375,True
2024-01,KHM,Cambodia,596.0,992.0,7587045.0,15060821.12,CIF/import value,0.6644295302013423,False
2024-01,CAN,Canada,2790.0,3333.0,45300116.0,70585429.877,FOB,0.19462365591397845,False
2024-01,CHL,Chile,5061.0,5635.04,45994067.0,59177954.786,FOB,0.11342422446156886,True
2024-01,HKG,"China, Hong Kong SAR",3971.0,4106.0,131504426.0,157401825.35,CIF/import value,0.033996474439687674,False
2024-01,MAC,"China, Macao SAR",74.0,157.393,2853653.0,5460746.79,CIF/import value,1.1269324324324326,True
2024-01,COL,Colombia,754.0,481.0,4636569.0,3429072.66,FOB,-0.3620689655172413,False
2024-01,HRV,Croatia,356.0,88.0,3017426.0,1368572.0,CIF/import value,-0.752808988764045,False
2024-01,CYP,Cyprus,63.0,20.0,2035422.0,91452.654,CIF/import value,-0.6825396825396826,False
2024-01,CZE,Czechia,1726.0,1253.0,5124237.0,12132951.0,FOB,-0.27404403244495945,False
2024-01,DNK,Denmark,278.0,334.0,582880.0,2608849.747,CIF/import value,0.2014388489208634,False
2024-01,DOM,Dominican Rep.,816.0,17.0,8238692.0,14101349.961,FOB,-0.9791666666666666,False
2024-01,ECU,Ecuador,2847.0,1993.0,24168769.0,21860189.781,FOB,-0.29996487530734106,False
2024-01,EGY,Egypt,5334.0,2250.145,51340184.0,46116952.213,CIF/import value,-0.5781505436820398,True
2024-01,SLV,El Salvador,518.0,129.074,1605403.0,2709650.86,CIF/import value,-0.7508223938223938,True
2024-01,EST,Estonia,630.0,187.0,9439352.0,6025772.39,CIF/import value,-0.7031746031746031,False
2024-01,FJI,Fiji,18.0,67.934,182315.0,1234524.305,CIF/import value,2.774111111111111,True
2024-01,FIN,Finland,81.0,524.0,1869546.0,17516371.91,CIF/import value,5.469135802469136,False
2024-01,FRA,France,2656.0,8054.0,24282223.0,190927257.202,CIF/import value,2.0323795180722892,False
2024-01,PYF,French Polynesia,40.0,62.0,218936.0,762277.514,CIF/import value,0.55,False
2024-01,DEU,Germany,6722.0,8786.0,169227126.0,199319027.851,CIF/import value,0.30705147277595946,False
2024-01,GHA,Ghana,12.0,90.0,261335.0,458507.709,CIF/import value,6.5,False
2024-01,GRC,Greece,554.0,329.0,4860728.0,4413244.32,CIF/import value,-0.40613718411552346,False
2024-01,GTM,Guatemala,487.0,312.868,2528644.0,5608927.0,CIF/import value,-0.35756057494866533,True
2024-01,GUY,Guyana,48.0,5.0,304082.0,74454.763,FOB,-0.8958333333333334,False
2024-01,HUN,Hungary,152.0,464.018,525013.0,2420122.136,CIF/import value,2.0527499999999996,True
2024-01,ISL,Iceland,99.0,19.662,2435829.0,525733.641,FOB,-0.8013939393939394,True
2024-01,IND,India,6170.0,475.0,17845474.0,10335688.394,CIF/import value,-0.9230145867098866,False
2024-01,IDN,Indonesia,2595.0,737.746,15703339.0,23819707.0,CIF/import value,-0.715704816955684,True
2024-01,IRL,Ireland,92.0,1006.02,2672410.0,32029961.105,CIF/import value,9.935,True
2024-01,ISR,Israel,3066.0,446.173,47206461.0,10228000.0,CIF/import value,-0.8544771689497717,True
2024-01,ITA,Italy,9648.0,7300.0,114257192.0,95504478.151,CIF/import value,-0.24336650082918743,False
2024-01,JPN,Japan,3894.0,3666.0,99325776.0,101018348.57,CIF/import value,-0.05855161787365182,False
2024-01,KAZ,Kazakhstan,7193.0,5811.0,122405917.0,78547735.58,CIF/import value,-0.19213123870429583,False
2024-01,KIR,Kiribati,3.0,1.455,34320.0,40579.233,CIF/import value,-0.5149999999999999,True
2024-01,KWT,Kuwait,4150.0,5620.0,61734371.0,95736356.0,CIF/import value,0.35421686746987957,False
2024-01,KGZ,Kyrgyzstan,8026.0,4347.316,261231280.0,134248104.0,CIF/import value,-0.4583458759033142,True
2024-01,LVA,Latvia,343.0,111.0,232217.0,77995.716,CIF/import value,-0.6763848396501457,False
2024-01,LTU,Lithuania,282.0,226.0,542477.0,126170.0,CIF/import value,-0.1985815602836879,False
2024-01,MYS,Malaysia,6628.0,1765.0,82273028.0,48690991.245,CIF/import value,-0.7337054918527459,False
2024-01,MLT,Malta,7.0,38.0,234368.0,604761.782,CIF/import value,4.428571428571429,False
2024-01,MUS,Mauritius,68.0,108.0,658082.0,2313207.495,FOB,0.588235294117647,False
2024-01,MEX,Mexico,32187.0,,339618562.0,548957004.0,FOB,,False
2024-01,MNE,Montenegro,4.0,1.0,105479.0,23718.671,CIF/import value,-0.75,False
2024-01,MAR,Morocco,247.0,52.62,1900306.0,1118771.098,CIF/import value,-0.7869635627530365,True
2024-01,MMR,Myanmar,828.0,502.451,18360355.0,10607565.977,CIF/import value,-0.3931751207729468,True
2024-01,NLD,Netherlands,6527.0,861.0,114818111.0,1296475.668,CIF/import value,-0.8680864102956948,False
2024-01,NZL,New Zealand,210.0,1339.0,1544897.0,38819372.801,FOB,5.376190476190477,False
2024-01,NGA,Nigeria,380.0,17.168,3080412.0,575465.619,CIF/import value,-0.9548210526315789,True
2024-01,MKD,North Macedonia,5.0,28.0,94146.0,437941.055,CIF/import value,4.6,False
2024-01,NOR,Norway,224.0,1509.602,3527923.0,50313691.646,CIF/import value,5.739294642857144,True
2024-01,OMN,Oman,1036.0,746.508,15269980.0,19447854.326,CIF/import value,-0.27943243243243243,True
2024-01,PAK,Pakistan,1094.0,6870.298,13060653.0,6975521.004,CIF/import value,5.279979890310786,True
2024-01,PAN,Panama,852.0,885.732,11234997.0,17756068.0,CIF/import value,0.039591549295774575,True
2024-01,PRY,Paraguay,373.0,211.306,4039555.0,3594075.6,FOB,-0.43349597855227884,True
2024-01,PER,Peru,3651.0,4449.0,30949042.0,36116979.249,FOB,0.21857025472473302,False
2024-01,PHL,Philippines,15450.0,2701.724,34874694.0,27217639.0,FOB,-0.8251311326860842,True
2024-01,POL,Poland,3642.0,2154.0,16470813.0,25040543.0,CIF/import value,-0.4085667215815486,False
2024-01,PRT,Portugal,343.0,159.0,4016850.0,2792197.99,CIF/import value,-0.5364431486880467,False
2024-01,KOR,Rep. of Korea,4548.0,1354.262,86947978.0,37522557.0,CIF/import value,-0.7022291116974495,True
2024-01,MDA,Rep. of Moldova,243.0,151.0,3065225.0,1637939.0,CIF/import value,-0.37860082304526754,False
2024-01,ROU,Romania,2451.0,573.0,4188424.0,3203522.48,FOB,-0.7662178702570379,False
2024-01,SAU,Saudi Arabia,12841.0,17595.395,159074446.0,283355066.516,CIF/import value,0.3702511486644342,True
2024-01,SRB,Serbia,265.0,207.0,2087286.0,869821.0,FOB,-0.21886792452830184,False
2024-01,SGP,Singapore,846.079,593.0,21873731.0,10588997.277,CIF/import value,-0.2991198221442678,False
2024-01,SVK,Slovakia,72.0,1283.0,697127.0,28612658.892,FOB,16.819444444444443,False
2024-01,SVN,Slovenia,5674.0,153.0,205782353.0,2468138.654,CIF/import value,-0.9730348960169193,False
2024-01,ZAF,South Africa,2572.0,3002.0,22901067.0,28793278.895,FOB,0.16718506998444793,False
2024-01,ESP,Spain,4822.0,15918.405,68101748.0,300425795.152,CIF/import value,2.301203857320614,True
2024-01,SWE,Sweden,3174.0,241.0,39462778.0,8214406.971,CIF/import value,-0.9240705734089477,False
2024-01,CHE,Switzerland,13.0,733.092,118716.0,20730303.843,CIF/import value,55.39169230769231,True
2024-01,THA,Thailand,15915.0,,157935614.0,175613275.64,CIF/import value,,False
2024-01,TGO,Togo,28.0,,481424.0,593757.463,CIF/import value,,False
2024-01,TTO,Trinidad and Tobago,45.0,266.0,998506.0,4487793.913,CIF/import value,4.911111111111111,False
2024-01,TUR,Türkiye,13496.0,4900.0,151080155.0,73408343.0,FOB,-0.6369294605809128,False
2024-01,USA,USA,26458.0,30296.0,131997844.0,272469127.0,FOB,0.1450600952452945,False
2024-01,UKR,Ukraine,1535.0,3708.0,8291080.0,70693401.06,CIF/import value,1.4156351791530946,False
2024-01,GBR,United Kingdom,21991.0,18205.0,581212535.0,423298505.544,CIF/import value,-0.17216133872948025,False
2024-01,UZB,Uzbekistan,4596.0,7571.0,95159930.0,150596978.0,CIF/import value,0.6473020017406441,False
2024-01,YEM,Yemen,176.0,2.295,2988448.0,59540.0,CIF/import value,-0.9869602272727273,True
2024-01,ZWE,Zimbabwe,1.0,1.0,400.0,727.94,CIF/import value,0.0,False
2024-02,AGO,Angola,276.0,55.832,3459012.0,1329990.78,FOB,-0.7977101449275362,True
2024-02,ARG,Argentina,261.0,430.0,3207004.0,2145867.81,FOB,0.6475095785440612,False
2024-02,AUS,Australia,5255.0,13828.0,96397992.0,298006755.717,FOB,1.6313986679352999,False
2024-02,BHR,Bahrain,639.0,816.0,7118239.0,11744661.72,CIF/import value,0.27699530516431925,False
2024-02,BRB,Barbados,18.0,46.565,688742.0,1413067.0,CIF/import value,1.5869444444444443,True
2024-02,BEL,Belgium,18113.0,5330.49,434738663.0,151617630.167,CIF/import value,-0.7057091591674488,False
2024-02,BLZ,Belize,10.0,7.678,138714.0,221003.86,CIF/import value,-0.23219999999999996,True
2024-02,BMU,Bermuda,8.0,12.0,100980.0,333864.0,FOB,0.5,False
2024-02,BOL,Bolivia (Plurinational State of),372.0,431.575,3731234.0,7612674.0,FOB,0.1601478494623656,True
2024-02,BIH,Bosnia Herzegovina,1.0,25.184,23628.0,530010.139,CIF/import value,24.184,True
2024-02,BRA,Brazil,21340.0,9803.0,413680681.0,186750612.0,FOB,-0.5406279287722586,False
2024-02,BGR,Bulgaria,398.0,790.0,758553.0,2591286.457,CIF/import value,0.9849246231155779,False
2024-02,CPV,Cabo Verde,49.0,35.183,441722.0,706954.613,FOB,-0.2819795918367347,True
2024-02,KHM,Cambodia,486.0,846.0,7666100.0,10770696.43,CIF/import value,0.7407407407407407,False
2024-02,CAN,Canada,7670.0,5604.0,252956224.0,170000189.357,FOB,-0.26936114732724903,False
2024-02,CHL,Chile,6630.0,3819.0,63682679.0,40715658.546,FOB,-0.42398190045248874,False
2024-02,HKG,"China, Hong Kong SAR",3478.0,3496.0,111001661.0,132533416.44,CIF/import value,0.005175388154111449,False
2024-02,MAC,"China, Macao SAR",40.0,96.73,1589241.0,3350149.178,CIF/import value,1.41825,True
2024-02,COL,Colombia,506.0,1254.0,6068989.0,15983629.81,FOB,1.4782608695652173,False
2024-02,CYP,Cyprus,72.0,128.0,344896.0,4345270.79,CIF/import value,0.7777777777777777,False
2024-02,CZE,Czechia,860.0,1104.0,3069919.0,11446113.0,FOB,0.28372093023255807,False
2024-02,DNK,Denmark,251.0,546.0,562557.0,2718211.95,CIF/import value,1.1752988047808763,False
2024-02,DOM,Dominican Rep.,1193.0,16.0,14617867.0,8402054.396,FOB,-0.9865884325230512,False
2024-02,ECU,Ecuador,3968.0,2550.0,36460417.0,21620906.248,FOB,-0.3573588709677419,False
2024-02,EGY,Egypt,3818.0,2653.134,34985990.0,56411330.656,CIF/import value,-0.3050984808800419,True
2024-02,SLV,El Salvador,215.0,49.523,1545639.0,1041320.78,CIF/import value,-0.7696604651162791,True
2024-02,EST,Estonia,166.0,311.0,1327218.0,5957266.83,CIF/import value,0.8734939759036144,False
2024-02,FJI,Fiji,10.0,22.195,153399.0,248300.42,CIF/import value,1.2195,True
2024-02,FIN,Finland,264.0,419.0,765934.0,13660521.913,CIF/import value,0.5871212121212122,False
2024-02,FRA,France,1801.0,10544.001,26995986.0,240272504.145,CIF/import value,4.85452581898945,True
2024-02,PYF,French Polynesia,179.0,101.0,2290069.0,1358887.576,CIF/import value,-0.43575418994413406,False
2024-02,DEU,Germany,6366.0,11541.0,120306745.0,239498944.13,CIF/import value,0.8129123468426014,False
2024-02,GHA,Ghana,22.0,30.0,264656.0,452247.818,CIF/import value,0.36363636363636354,False
2024-02,GRC,Greece,792.0,438.0,5543993.0,5276760.712,CIF/import value,-0.446969696969697,False
2024-02,GTM,Guatemala,1990.0,231.13,9938231.0,4149419.0,CIF/import value,-0.883854271356784,True
2024-02,HUN,Hungary,107.0,374.0,784301.0,3643011.232,CIF/import value,2.4953271028037385,True
2024-02,IND,India,2860.0,303.0,5876579.0,8278161.824,CIF/import value,-0.894055944055944,False
2024-02,IDN,Indonesia,3612.0,1047.424,25587132.0,33349713.0,CIF/import value,-0.710015503875969,True
2024-02,IRL,Ireland,8.0,849.007,304529.0,24260872.966,CIF/import value,105.125875,True
2024-02,ISR,Israel,1803.0,1514.451,18148352.0,43943000.0,CIF/import value,-0.16003826955074874,True
2024-02,ITA,Italy,11909.0,5723.0,129560807.0,67747659.783,CIF/import value,-0.5194390796876311,False
2024-02,JPN,Japan,2356.0,2655.0,57356647.0,68822152.49,CIF/import value,0.1269100169779287,False
2024-02,KAZ,Kazakhstan,7081.0,4286.0,103008386.0,50918282.62,CIF/import value,-0.3947182601327496,False
2024-02,KWT,Kuwait,2926.0,3398.0,39324061.0,60031134.0,CIF/import value,0.16131237183868752,False
2024-02,KGZ,Kyrgyzstan,8019.0,5309.546,249072562.0,165216478.0,CIF/import value,-0.3378792866941015,True
2024-02,LTU,Lithuania,206.0,349.0,1264203.0,336324.0,CIF/import value,0.6941747572815533,False
2024-02,LUX,Luxembourg,297.0,316.0,7494636.0,11687959.021,FOB,0.06397306397306401,False
2024-02,MYS,Malaysia,6917.0,1813.0,84105979.0,45054903.187,CIF/import value,-0.7378921497759144,False
2024-02,MUS,Mauritius,104.0,105.0,1825135.0,956206.512,FOB,0.009615384615384581,False
2024-02,MEX,Mexico,30004.0,,320035515.0,443770100.0,FOB,,False
2024-02,MNE,Montenegro,27.0,11.0,565211.0,265989.314,CIF/import value,-0.5925925925925926,False
2024-02,MAR,Morocco,261.0,81.608,4215195.0,1653268.057,CIF/import value,-0.6873256704980844,True
2024-02,MMR,Myanmar,471.0,540.42,10517380.0,11154099.11,CIF/import value,0.14738853503184712,True
2024-02,NLD,Netherlands,2948.0,718.043,61288619.0,1891293.299,CIF/import value,-0.756430461329715,True
2024-02,NZL,New Zealand,1154.0,935.0,20530392.0,18808112.322,FOB,-0.18977469670710567,False
2024-02,NGA,Nigeria,256.0,35.381,2863999.0,1222286.411,CIF/import value,-0.86179296875,True
2024-02,MKD,North Macedonia,12.0,94.0,97466.0,654485.827,CIF/import value,6.833333333333333,False
2024-02,NOR,Norway,197.0,936.857,983774.0,31282364.33,CIF/import value,3.7556192893401015,True
2024-02,OMN,Oman,1159.0,385.138,15848135.0,10405560.452,CIF/import value,-0.6676980155306298,True
2024-02,PAK,Pakistan,309.0,4193.735,3530982.0,11661348.985,CIF/import value,12.571957928802588,True
2024-02,PAN,Panama,1093.0,747.352,10802936.0,15469992.0,CIF/import value,-0.3162378774016469,True
2024-02,PRY,Paraguay,308.0,193.227,3482199.0,3359472.79,FOB,-0.37263961038961035,True
2024-02,PER,Peru,2315.0,4014.0,17724924.0,35379493.119,FOB,0.7339092872570194,False
2024-02,PHL,Philippines,10450.0,2275.0,24588457.0,23123662.0,FOB,-0.7822966507177034,False
2024-02,POL,Poland,4042.0,1821.0,42539702.0,32887733.0,CIF/import value,-0.549480455220188,False
2024-02,PRT,Portugal,24.0,100.0,350634.0,1375397.715,CIF/import value,3.166666666666667,False
2024-02,KOR,Rep. of Korea,6980.0,6339.111,229596084.0,215952457.0,CIF/import value,-0.09181790830945558,True
2024-02,MDA,Rep. of Moldova,362.0,327.0,5075613.0,3503819.0,CIF/import value,-0.09668508287292821,False
2024-02,ROU,Romania,1914.0,456.0,5521265.0,1583430.44,FOB,-0.7617554858934169,False
2024-02,SAU,Saudi Arabia,12916.0,9243.868,148663049.0,161975581.284,CIF/import value,-0.28430876432331986,True
2024-02,SRB,Serbia,358.0,205.0,1553233.0,1168055.0,FOB,-0.4273743016759777,False
2024-02,SGP,Singapore,409.0,811.0,10194112.0,9427871.963,CIF/import value,0.9828850855745721,False
2024-02,SVK,Slovakia,30.0,858.0,579208.0,17957828.549,FOB,27.6,False
2024-02,SVN,Slovenia,707.0,281.0,7993775.0,3433910.154,CIF/import value,-0.6025459688826025,False
2024-02,ZAF,South Africa,3427.0,4710.0,35054650.0,51052770.672,FOB,0.3743799241318937,False
2024-02,ESP,Spain,11852.0,6005.0,253738599.0,85321793.973,CIF/import value,-0.49333445831927103,False
2024-02,PSE,State of Palestine,15.0,,356940.0,1710306.28,CIF/import value,,False
2024-02,SWE,Sweden,1390.0,419.0,7536021.0,10080154.717,CIF/import value,-0.6985611510791367,False
2024-02,CHE,Switzerland,8.0,630.013,219618.0,22542084.182,CIF/import value,77.751625,True
2024-02,THA,Thailand,8769.0,140393.647,104788628.0,144492414.767,CIF/import value,15.010223172539629,True
2024-02,TGO,Togo,61.0,63.671,371223.0,1189900.457,CIF/import value,0.043786885245901574,True
2024-02,TTO,Trinidad and Tobago,28.0,86.0,513718.0,1434803.052,CIF/import value,2.0714285714285716,False
2024-02,TUR,Türkiye,11464.0,7981.0,130019460.0,104108850.0,FOB,-0.30382065596650387,False
2024-02,USA,USA,20433.0,25571.0,160292737.0,166687218.0,FOB,0.251455978074683,False
2024-02,UKR,Ukraine,772.0,3047.0,9277093.0,44202422.82,CIF/import value,2.9468911917098444,False
2024-02,GBR,United Kingdom,16720.0,16083.0,421444732.0,337678310.242,CIF/import value,-0.03809808612440191,False
2024-02,UZB,Uzbekistan,4764.0,5244.0,92828435.0,101243776.0,CIF/import value,0.10075566750629728,False
2024-02,YEM,Yemen,94.0,3.826,1785400.0,91555.003,CIF/import value,-0.9592978723404255,True
2024-03,AGO,Angola,208.0,36.052,2689095.0,655291.79,FOB,-0.8266730769230769,True
2024-03,ATG,Antigua and Barbuda,10.0,1.0,268686.0,3024.815,CIF/import value,-0.9,False
2024-03,ARG,Argentina,303.0,411.0,3238422.0,4348558.0,FOB,0.35643564356435653,False
2024-03,AUS,Australia,14001.0,10692.0,235279128.0,200382270.639,FOB,-0.23634026140989928,False
2024-03,BHR,Bahrain,1018.0,613.0,12358247.0,8128003.566,CIF/import value,-0.39783889980353637,False
2024-03,BRB,Barbados,27.0,33.42,772724.0,1033876.5,CIF/import value,0.23777777777777787,True
2024-03,BEL,Belgium,25253.0,4532.1,694007628.0,137980237.424,CIF/import value,-0.8205322139943769,False
2024-03,BMU,Bermuda,1.0,4.0,15300.0,68000.0,FOB,3.0,False
2024-03,BOL,Bolivia (Plurinational State of),589.0,256.908,5710991.0,4344807.0,FOB,-0.5638234295415959,True
2024-03,BRA,Brazil,29648.0,13907.0,580603106.0,274264844.0,FOB,-0.5309295736643281,False
2024-03,BGR,Bulgaria,407.0,667.0,2668712.0,2596097.668,CIF/import value,0.6388206388206388,False
2024-03,BFA,Burkina Faso,3.0,2.835,5181.0,70431.178,CIF/import value,-0.05500000000000005,True
2024-03,CPV,Cabo Verde,49.0,36.118,489175.0,927420.002,FOB,-0.2628979591836734,True
2024-03,KHM,Cambodia,810.0,842.0,15277835.0,12800623.57,CIF/import value,0.03950617283950608,False
2024-03,CAN,Canada,4850.0,5280.0,125602401.0,145665559.364,FOB,0.0886597938144329,False
2024-03,CHL,Chile,5971.0,4416.0,65015016.0,43013508.866,FOB,-0.2604253893820131,False
2024-03,HKG,"China, Hong Kong SAR",2278.0,2853.0,72016893.0,112360758.503,CIF/import value,0.25241439859525894,False
2024-03,MAC,"China, Macao SAR",72.0,95.327,2984274.0,3307386.245,CIF/import value,0.3239861111111111,True
2024-03,COL,Colombia,1088.0,413.0,13728229.0,4436656.3,FOB,-0.6204044117647058,False
2024-03,HRV,Croatia,105.0,129.0,1562011.0,1569146.0,CIF/import value,0.22857142857142865,False
2024-03,CYP,Cyprus,38.0,10.0,446456.0,70239.848,CIF/import value,-0.736842105263158,False
2024-03,CZE,Czechia,2041.0,2763.0,6532827.0,15301304.0,FOB,0.35374816266536,False
2024-03,DNK,Denmark,214.0,169.0,831185.0,1865659.508,CIF/import value,-0.21028037383177567,False
2024-03,DOM,Dominican Rep.,1242.0,13.0,14655139.0,5505574.802,FOB,-0.9895330112721417,False
2024-03,ECU,Ecuador,1752.0,3340.0,15579613.0,30496334.446,FOB,0.9063926940639269,False
2024-03,EGY,Egypt,2394.0,2109.516,25006482.0,42054142.703,CIF/import value,-0.11883208020050118,True
2024-03,SLV,El Salvador,381.0,66.625,2138658.0,1212936.25,CIF/import value,-0.8251312335958005,True
2024-03,EST,Estonia,333.0,293.0,2986359.0,4697853.44,CIF/import value,-0.12012012012012008,False
2024-03,FJI,Fiji,5.0,20.777,24779.0,131388.692,CIF/import value,3.1554,True
2024-03,FIN,Finland,180.0,330.0,1856386.0,8865044.018,CIF/import value,0.8333333333333333,False
2024-03,FRA,France,3462.0,6977.0,33858080.0,156569633.499,CIF/import value,1.0153090699017908,False
2024-03,DEU,Germany,6976.0,15282.0,169362163.0,352313018.023,CIF/import value,1.1906536697247705,False
2024-03,GHA,Ghana,81.0,10.0,640426.0,96675.683,CIF/import value,-0.8765432098765432,False
2024-03,GRC,Greece,410.0,747.0,2941112.0,6601058.404,CIF/import value,0.8219512195121952,False
2024-03,GTM,Guatemala,1036.0,184.329,10895665.0,3199005.0,CIF/import value,-0.8220762548262548,True
2024-03,GUY,Guyana,1.0,22.0,18734.0,234553.859,FOB,21.0,False
2024-03,HUN,Hungary,24.0,936.002,413428.0,1950177.97,CIF/import value,38.00008333333333,True
2024-03,ISL,Iceland,38.0,7.813,399865.0,263136.47,FOB,-0.7943947368421053,True
2024-03,IND,India,6171.0,222.0,8312423.0,7541687.809,CIF/import value,-0.964025279533301,False
2024-03,IDN,Indonesia,3466.0,1306.884,28856505.0,42839080.0,CIF/import value,-0.6229417195614542,True
2024-03,IRL,Ireland,28.0,1286.011,669538.0,43751620.214,CIF/import value,44.92896428571429,True
2024-03,ISR,Israel,5342.0,2642.727,107839267.0,80531000.0,CIF/import value,-0.5052925870460502,True
2024-03,ITA,Italy,7039.0,12241.0,72582639.0,155173051.571,CIF/import value,0.7390254297485439,False
2024-03,JPN,Japan,2531.0,2388.0,64440968.0,56266850.928,CIF/import value,-0.05649940734887393,False
2024-03,KWT,Kuwait,2997.0,2853.0,43004289.0,47931214.0,CIF/import value,-0.048048048048048075,False
2024-03,KGZ,Kyrgyzstan,13972.0,13145.447,435712297.0,253350020.0,CIF/import value,-0.059157815631262545,True
2024-03,LVA,Latvia,129.0,68.0,523094.0,35763.015,CIF/import value,-0.4728682170542635,False
2024-03,LTU,Lithuania,21.0,682.0,345365.0,409702.0,CIF/import value,31.476190476190474,False
2024-03,MYS,Malaysia,9053.0,2641.0,111590678.0,92740708.819,CIF/import value,-0.7082735004970728,False
2024-03,MLT,Malta,3.0,7.0,70240.0,254205.083,CIF/import value,1.3333333333333335,False
2024-03,MUS,Mauritius,171.0,166.0,2901135.0,2578192.597,CIF/import value,-0.0292397660818714,False
2024-03,MEX,Mexico,43290.0,,462147595.0,432760351.0,FOB,,False
2024-03,MNE,Montenegro,7.0,4.0,166410.0,98865.166,CIF/import value,-0.4285714285714286,False
2024-03,MAR,Morocco,715.0,82.977,9342631.0,2269666.119,CIF/import value,-0.8839482517482518,True
2024-03,MMR,Myanmar,833.0,373.0,15488089.0,8300548.5,CIF/import value,-0.5522208883553421,False
2024-03,NLD,Netherlands,852.0,3075.018,8544391.0,35372051.455,CIF/import value,2.609176056338028,True
2024-03,NZL,New Zealand,817.0,1248.0,14908979.0,19666522.888,FOB,0.5275397796817625,False
2024-03,NGA,Nigeria,587.0,22.66,9972714.0,801281.729,CIF/import value,-0.961396933560477,True
2024-03,MKD,North Macedonia,83.0,73.0,584085.0,511534.472,CIF/import value,-0.12048192771084343,False
2024-03,NOR,Norway,334.0,2730.893,5677978.0,91390407.569,CIF/import value,7.176326347305389,True
2024-03,OMN,Oman,1186.0,811.647,16185379.0,20432163.817,CIF/import value,-0.3156433389544687,True
2024-03,PAK,Pakistan,1297.0,6603.255,16152755.0,9863005.561,CIF/import value,4.0911757902852735,True
2024-03,PAN,Panama,1381.0,1322.725,16085990.0,19159082.0,CIF/import value,-0.042197682838522876,True
2024-03,PRY,Paraguay,660.0,149.401,5818935.0,3017449.0,FOB,-0.7736348484848485,True
2024-03,PER,Peru,3010.0,2670.0,25729974.0,21755574.751,FOB,-0.1129568106312292,False
2024-03,PHL,Philippines,11611.0,3428.0,40380164.0,35743085.0,FOB,-0.7047627250021531,False
2024-03,POL,Poland,3881.0,3401.0,35427322.0,49267953.0,CIF/import value,-0.12367946405565577,False
2024-03,PRT,Portugal,242.0,102.0,1628444.0,3299892.091,CIF/import value,-0.578512396694215,False
2024-03,KOR,Rep. of Korea,3942.0,3241.616,103853820.0,106377054.0,CIF/import value,-0.17767224759005584,True
2024-03,MDA,Rep. of Moldova,228.0,405.0,3006611.0,3368436.0,CIF/import value,0.7763157894736843,False
2024-03,ROU,Romania,1641.0,501.0,7412675.0,1984842.42,FOB,-0.6946983546617915,False
2024-03,SAU,Saudi Arabia,16179.0,13761.402,216048648.0,222404900.307,CIF/import value,-0.14942814759873913,True
2024-03,SRB,Serbia,535.0,190.0,3495398.0,323665.0,FOB,-0.6448598130841121,False
2024-03,SGP,Singapore,1248.0,1292.0,34922774.0,29324375.432,CIF/import value,0.03525641025641035,False
2024-03,SVK,Slovakia,133.0,652.0,1924045.0,16889028.778,FOB,3.9022556390977448,False
2024-03,SVN,Slovenia,2669.0,621.0,34315555.0,14521660.535,CIF/import value,-0.7673285874859498,False
2024-03,ZAF,South Africa,1672.0,1957.0,24788116.0,18586230.727,FOB,0.17045454545454541,False
2024-03,ESP,Spain,8148.0,10812.0,229892574.0,217808973.122,CIF/import value,0.3269513991163475,False
2024-03,PSE,State of Palestine,66.0,28.842,1600645.0,767474.317,CIF/import value,-0.563,True
2024-03,SWE,Sweden,2773.0,2594.0,34950282.0,15321219.82,CIF/import value,-0.06455102776776056,False
2024-03,CHE,Switzerland,57.0,1059.0,1110985.0,38535351.735,CIF/import value,17.57894736842105,False
2024-03,THA,Thailand,14178.0,7456.405,180097212.0,167088334.173,CIF/import value,-0.47408626040344193,True
2024-03,TGO,Togo,47.0,3.25,643948.0,87572.829,CIF/import value,-0.9308510638297872,True
2024-03,TTO,Trinidad and Tobago,37.0,15.0,410857.0,456733.354,CIF/import value,-0.5945945945945945,False
2024-03,TUR,Türkiye,16590.0,18549.0,210201825.0,213824130.0,FOB,0.11808318264014472,False
2024-03,USA,USA,38221.0,24553.0,235788023.0,100265892.0,FOB,-0.3576044582820962,False
2024-03,UKR,Ukraine,1075.0,2418.0,7505483.0,23300466.99,CIF/import value,1.2493023255813953,False
2024-03,GBR,United Kingdom,18994.0,32032.147,465285634.0,692121281.949,CIF/import value,0.6864350321154049,True
2024-03,UZB,Uzbekistan,6215.0,4151.0,115303883.0,82915142.0,CIF/import value,-0.3320997586484312,False
2024-03,YEM,Yemen,156.0,131.321,3256650.0,2099372.187,CIF/import value,-0.15819871794871798,True
2024-03,ZWE,Zimbabwe,51.0,12.279,118350.0,9384.63,CIF/import value,-0.759235294117647,True
2024-04,AGO,Angola,314.0,200.634,3950127.0,3807589.67,FOB,-0.3610382165605096,True
2024-04,ARG,Argentina,439.0,164.0,6237807.0,1770276.13,FOB,-0.6264236902050113,False
2024-04,AUS,Australia,23190.0,19202.16,484159734.0,443040380.496,FOB,-0.17196377749029756,True
2024-04,BHR,Bahrain,791.0,842.0,10960562.0,11784060.549,CIF/import value,0.06447534766118834,False
2024-04,BEL,Belgium,27187.0,2743.92,662061526.0,78000331.654,CIF/import value,-0.899072350755876,False
2024-04,BOL,Bolivia (Plurinational State of),420.0,373.471,3591115.0,6798516.0,FOB,-0.11078333333333334,True
2024-04,BRA,Brazil,48111.0,10629.0,876538511.0,192061951.0,FOB,-0.7790733927791981,False
2024-04,BGR,Bulgaria,354.0,815.0,2809998.0,3009124.823,CIF/import value,1.3022598870056497,False
2024-04,BFA,Burkina Faso,41.0,1.236,640590.0,39530.16,CIF/import value,-0.9698536585365853,True
2024-04,CPV,Cabo Verde,27.0,15.516,473165.0,315845.026,FOB,-0.42533333333333334,True
2024-04,KHM,Cambodia,1113.0,1118.0,19856044.0,21278276.03,CIF/import value,0.004492362982928988,False
2024-04,CAN,Canada,2931.0,4466.0,36490897.0,132835294.841,FOB,0.523712043671102,False
2024-04,CHL,Chile,7201.0,7021.0,71017788.0,81481973.286,FOB,-0.0249965282599639,False
2024-04,HKG,"China, Hong Kong SAR",1326.0,1345.0,39615857.0,45299166.022,CIF/import value,0.014328808446455454,False
2024-04,MAC,"China, Macao SAR",126.0,162.779,4435035.0,5619205.46,CIF/import value,0.29189682539682527,True
2024-04,COL,Colombia,1100.0,734.0,14502812.0,11673801.68,FOB,-0.33272727272727276,False
2024-04,HRV,Croatia,392.0,158.0,5134460.0,3115021.0,CIF/import value,-0.596938775510204,False
2024-04,CYP,Cyprus,44.0,24.0,296066.0,160986.159,CIF/import value,-0.4545454545454546,False
2024-04,CZE,Czechia,2022.0,1155.0,6451130.0,13623681.0,FOB,-0.4287833827893175,False
2024-04,DNK,Denmark,443.0,535.0,2866738.0,528699.065,CIF/import value,0.20767494356659144,False
2024-04,DOM,Dominican Rep.,397.0,14.0,3660327.0,8629983.937,FOB,-0.964735516372796,False
2024-04,ECU,Ecuador,2169.0,3221.0,18796263.0,29448164.68,FOB,0.4850161364684187,False
2024-04,EGY,Egypt,6881.0,1668.627,75720120.0,33504816.66,CIF/import value,-0.7575022525795669,True
2024-04,SLV,El Salvador,245.0,98.547,1144048.0,2405385.6,CIF/import value,-0.5977673469387755,True
2024-04,EST,Estonia,180.0,233.0,3129675.0,8034832.02,CIF/import value,0.2944444444444445,False
2024-04,FIN,Finland,216.0,1888.0,3892123.0,43757087.178,CIF/import value,7.7407407407407405,False
2024-04,FRA,France,4897.0,4049.002,46166635.0,105952831.591,CIF/import value,-0.173166836838881,True
2024-04,PYF,French Polynesia,124.0,41.0,1551428.0,500368.164,CIF/import value,-0.6693548387096775,False
2024-04,DEU,Germany,6434.0,14746.0,125641305.0,342375229.416,CIF/import value,1.2918868511035124,False
2024-04,GHA,Ghana,33.0,183.0,514752.0,526663.353,CIF/import value,4.545454545454546,False
2024-04,GRC,Greece,456.0,634.0,3096910.0,5771048.862,CIF/import value,0.39035087719298245,False
2024-04,GTM,Guatemala,459.0,304.84,3171302.0,6108067.0,CIF/import value,-0.3358605664488018,True
2024-04,GUY,Guyana,31.0,40.0,18720.0,226907.86,FOB,0.29032258064516125,False
2024-04,HUN,Hungary,20.0,298.0,483205.0,2495524.985,CIF/import value,13.9,False
2024-04,ISL,Iceland,86.0,34.207,1311892.0,873579.736,FOB,-0.6022441860465116,True
2024-04,IND,India,8459.0,158.0,11608420.0,2788744.763,CIF/import value,-0.9813216692280411,False
2024-04,IDN,Indonesia,2236.0,943.391,19626993.0,31433026.0,CIF/import value,-0.5780898926654741,True
2024-04,IRL,Ireland,31.0,58.012,1325177.0,370649.538,CIF/import value,0.8713548387096774,True
2024-04,ISR,Israel,5845.0,749.182,86559534.0,21222000.0,CIF/import value,-0.8718251497005988,True
2024-04,ITA,Italy,6285.0,7294.0,72463370.0,93268207.915,CIF/import value,0.16054097056483685,False
2024-04,JPN,Japan,2745.0,3222.0,66598506.0,83070007.773,CIF/import value,0.17377049180327875,False
2024-04,KWT,Kuwait,3492.0,2790.0,47528605.0,46684352.0,CIF/import value,-0.2010309278350515,False
2024-04,KGZ,Kyrgyzstan,2821.0,970.049,69062459.0,24092250.0,CIF/import value,-0.6561329315845446,True
2024-04,LTU,Lithuania,661.0,541.0,2398175.0,421827.0,CIF/import value,-0.1815431164901664,False
2024-04,LUX,Luxembourg,2.0,175.0,12120.0,6864055.058,FOB,86.5,False
2024-04,MYS,Malaysia,11749.0,2094.0,134324984.0,51740236.616,CIF/import value,-0.8217720657077198,False
2024-04,MLT,Malta,6.0,1.0,63360.0,8301.142,CIF/import value,-0.8333333333333334,False
2024-04,MUS,Mauritius,107.0,124.0,1905135.0,2488486.544,CIF/import value,0.1588785046728971,False
2024-04,MEX,Mexico,38349.0,,384363956.0,516421171.0,FOB,,False
2024-04,MNE,Montenegro,12.0,6.0,305292.0,33334.546,CIF/import value,-0.5,False
2024-04,MMR,Myanmar,873.0,413.0,14850897.0,9000536.75,CIF/import value,-0.5269186712485682,False
2024-04,NAM,Namibia,12.0,519.0,12840.0,547644.536,FOB,42.25,False
2024-04,NLD,Netherlands,1319.0,3358.0,15971284.0,49112728.134,CIF/import value,1.5458680818802124,False
2024-04,NZL,New Zealand,610.0,834.0,7993698.0,10346760.85,FOB,0.36721311475409846,False
2024-04,NGA,Nigeria,447.0,29.804,5855892.0,1189883.658,CIF/import value,-0.933324384787472,True
2024-04,MKD,North Macedonia,76.0,191.0,466147.0,1298762.655,CIF/import value,1.513157894736842,False
2024-04,NOR,Norway,137.0,2622.091,2768721.0,87398944.058,CIF/import value,18.1393503649635,True
2024-04,OMN,Oman,1574.0,710.166,19457585.0,19840657.966,CIF/import value,-0.5488144853875476,True
2024-04,PAK,Pakistan,1664.0,18590.967,20822536.0,20850585.305,CIF/import value,10.172456129807692,True
2024-04,PAN,Panama,1129.0,866.072,12516256.0,18714748.0,CIF/import value,-0.23288573959255976,True
2024-04,PRY,Paraguay,371.0,196.728,3588563.0,3276216.52,FOB,-0.4697358490566037,True
2024-04,PER,Peru,2160.0,3141.0,15450199.0,27394149.766,FOB,0.4541666666666666,False
2024-04,PHL,Philippines,11349.0,3279.9,59862069.0,40877373.0,FOB,-0.7109965635738831,False
2024-04,POL,Poland,3683.0,3036.0,28758338.0,40129183.0,CIF/import value,-0.17567200651642678,False
2024-04,PRT,Portugal,109.0,63.0,1965616.0,2090714.207,CIF/import value,-0.42201834862385323,False
2024-04,KOR,Rep. of Korea,7231.0,5714.452,181036111.0,183205048.0,CIF/import value,-0.2097286682339925,True
2024-04,MDA,Rep. of Moldova,728.0,485.0,3789257.0,7142930.0,CIF/import value,-0.3337912087912088,False
2024-04,ROU,Romania,3015.0,2725.0,8320192.0,3910159.26,FOB,-0.09618573797678276,False
2024-04,SAU,Saudi Arabia,18229.0,9183.654,221744746.0,152505216.987,CIF/import value,-0.49620637445828075,True
2024-04,SRB,Serbia,545.0,96.0,2968503.0,330588.0,FOB,-0.8238532110091743,False
2024-04,SGP,Singapore,1038.0,1594.001,27231922.0,35275975.891,CIF/import value,0.5356464354527939,True
2024-04,SVK,Slovakia,97.0,438.0,1478016.0,9993799.541,FOB,3.515463917525773,False
2024-04,SVN,Slovenia,4966.0,228.0,168544214.0,3914588.674,CIF/import value,-0.9540877970197342,False
2024-04,ZAF,South Africa,3931.0,3804.0,45947626.0,43148078.692,FOB,-0.03230730094123635,False
2024-04,ESP,Spain,13069.0,11387.0,292899525.0,233383529.746,CIF/import value,-0.12870150738388553,False
2024-04,PSE,State of Palestine,15.0,71.761,247406.0,1875293.511,CIF/import value,3.784066666666666,True
2024-04,SWE,Sweden,1362.0,1346.0,30874994.0,6042704.881,CIF/import value,-0.011747430249632873,False
2024-04,CHE,Switzerland,102.0,768.781,2253671.0,20517769.572,CIF/import value,6.53706862745098,True
2024-04,THA,Thailand,15604.0,9131.527,220103470.0,219771628.52,CIF/import value,-0.4147957574980774,True
2024-04,TGO,Togo,14.0,11.015,172687.0,340353.096,CIF/import value,-0.2132142857142857,True
2024-04,TTO,Trinidad and Tobago,30.0,1.0,316390.0,28623.579,CIF/import value,-0.9666666666666667,False
2024-04,TUR,Türkiye,9208.0,10092.0,105170131.0,118880437.0,FOB,0.09600347523892272,False
2024-04,USA,USA,38346.0,41356.0,202557675.0,252932624.0,FOB,0.07849580138736756,False
2024-04,UKR,Ukraine,757.0,2871.0,11473646.0,36066091.69,CIF/import value,2.7926023778071336,False
2024-04,GBR,United Kingdom,23962.0,23788.09,646634602.0,476510600.311,CIF/import value,-0.007257741423921216,True
2024-04,UZB,Uzbekistan,8682.0,2725.0,161458427.0,51729600.0,CIF/import value,-0.6861322275973278,False
2024-04,YEM,Yemen,334.0,18.285,3549856.0,300446.027,CIF/import value,-0.9452544910179641,True
2024-05,AGO,Angola,107.0,283.856,1204419.0,5411402.95,FOB,1.652859813084112,True
2024-05,ATG,Antigua and Barbuda,11.0,7.0,275005.0,238890.978,CIF/import value,-0.36363636363636365,False
2024-05,ARG,Argentina,753.0,206.0,7196277.0,1247202.1,FOB,-0.7264276228419655,False
2024-05,AUS,Australia,14997.0,17892.0,325748227.0,391123138.75,FOB,0.19303860772154424,False
2024-05,BHR,Bahrain,850.0,714.0,9769759.0,11903837.996,CIF/import value,-0.16000000000000003,False
2024-05,BRB,Barbados,5.0,20.946,131890.0,691889.5,CIF/import value,3.1892000000000005,True
2024-05,BEL,Belgium,29891.0,4374.29,761996551.0,109597020.896,CIF/import value,-0.8536586263423773,False
2024-05,BLZ,Belize,2.0,8.111,20263.0,220443.54,CIF/import value,3.0555000000000003,True
2024-05,BMU,Bermuda,12.0,4.0,67400.0,68000.0,FOB,-0.6666666666666667,False
2024-05,BOL,Bolivia (Plurinational State of),679.0,307.893,5144575.0,5347251.0,FOB,-0.5465493372606776,True
2024-05,BIH,Bosnia Herzegovina,88.0,11.253,35884.0,288915.139,CIF/import value,-0.872125,True
2024-05,BRA,Brazil,54471.0,17956.0,954849415.0,378720623.0,FOB,-0.6703567035670357,False
2024-05,BGR,Bulgaria,652.0,571.0,1470823.0,2546214.652,CIF/import value,-0.12423312883435578,False
2024-05,BFA,Burkina Faso,25.0,9.965,293549.0,308280.248,CIF/import value,-0.6013999999999999,True
2024-05,KHM,Cambodia,1559.0,1371.0,18772905.0,23927925.51,CIF/import value,-0.12059012187299556,False
2024-05,CAN,Canada,4025.0,2470.0,49813922.0,46983746.343,FOB,-0.38633540372670805,False
2024-05,CHL,Chile,5812.0,3224.0,59985670.0,34276883.795,FOB,-0.4452856159669649,False
2024-05,HKG,"China, Hong Kong SAR",1509.0,1696.0,44843888.0,55748098.747,CIF/import value,0.12392312789927096,False
2024-05,MAC,"China, Macao SAR",143.0,191.956,4846457.0,6620343.336,CIF/import value,0.34234965034965037,True
2024-05,COL,Colombia,2155.0,1220.0,28930960.0,16019528.39,FOB,-0.4338747099767981,False
2024-05,HRV,Croatia,280.0,233.0,2721251.0,3767287.0,CIF/import value,-0.16785714285714282,False
2024-05,CYP,Cyprus,89.0,76.0,602952.0,765734.905,CIF/import value,-0.1460674157303371,False
2024-05,CZE,Czechia,2593.0,3936.0,7183279.0,31893874.0,FOB,0.5179328962591592,False
2024-05,DNK,Denmark,419.0,334.0,858117.0,1282619.079,CIF/import value,-0.20286396181384247,False
2024-05,DOM,Dominican Rep.,1362.0,17.0,13561994.0,14151537.07,FOB,-0.9875183553597651,False
2024-05,ECU,Ecuador,1877.0,1986.0,14442585.0,21630168.61,FOB,0.05807139051678201,False
2024-05,EGY,Egypt,4712.0,2769.165,52735466.0,56690302.525,CIF/import value,-0.41231642614601016,True
2024-05,SLV,El Salvador,642.0,91.134,2640153.0,1797380.44,CIF/import value,-0.8580467289719627,True
2024-05,EST,Estonia,439.0,146.0,2965225.0,4047718.19,CIF/import value,-0.6674259681093394,False
2024-05,FJI,Fiji,3.0,8.549,7595.0,48616.889,CIF/import value,1.8496666666666663,True
2024-05,FIN,Finland,378.0,932.0,2570244.0,19865086.628,CIF/import value,1.4656084656084656,False
2024-05,FRA,France,4552.0,5958.0,35736684.0,119902787.126,CIF/import value,0.3088752196836555,False
2024-05,PYF,French Polynesia,18.0,52.0,106811.0,756992.407,CIF/import value,1.8888888888888888,False
2024-05,DEU,Germany,8147.0,18056.0,146135440.0,378994108.328,CIF/import value,1.2162759297901067,False
2024-05,GHA,Ghana,9.0,226.0,254520.0,802637.963,CIF/import value,24.11111111111111,False
2024-05,GRC,Greece,836.0,842.0,3546272.0,7210087.216,CIF/import value,0.0071770334928229484,False
2024-05,GTM,Guatemala,655.0,641.597,7212772.0,12385268.0,CIF/import value,-0.020462595419847407,True
2024-05,GUY,Guyana,6.0,11.0,41460.0,170561.891,FOB,0.8333333333333333,False
2024-05,HUN,Hungary,107.0,273.0,212401.0,1803167.796,CIF/import value,1.5514018691588785,False
2024-05,ISL,Iceland,64.0,46.439,1598571.0,1511398.22,FOB,-0.274390625,True
2024-05,IND,India,6109.0,346.0,8386869.0,7500757.753,CIF/import value,-0.9433622524144705,False
2024-05,IDN,Indonesia,5569.0,987.828,79249903.0,31984053.0,CIF/import value,-0.8226202190698509,True
2024-05,IRL,Ireland,46.0,707.011,1276306.0,23049017.232,CIF/import value,14.369804347826086,True
2024-05,ISR,Israel,8434.0,2871.731,144658584.0,93609000.0,CIF/import value,-0.6595054541142993,True
2024-05,ITA,Italy,3648.0,5967.0,31665053.0,64486352.502,CIF/import value,0.6356907894736843,False
2024-05,JPN,Japan,2769.0,2631.0,71589709.0,61839264.896,CIF/import value,-0.04983748645720476,False
2024-05,KWT,Kuwait,4439.0,3709.0,60234521.0,52111645.0,CIF/import value,-0.16445145302996167,False
2024-05,KGZ,Kyrgyzstan,1941.0,937.036,37525370.0,23251335.0,CIF/import value,-0.5172405976300876,True
2024-05,LVA,Latvia,108.0,144.0,133035.0,185871.917,CIF/import value,0.33333333333333326,False
2024-05,LTU,Lithuania,215.0,382.0,1192837.0,218965.0,CIF/import value,0.7767441860465116,False
2024-05,MYS,Malaysia,10002.0,2684.0,114799265.0,71439734.241,CIF/import value,-0.7316536692661468,False
2024-05,MLT,Malta,17.0,1.0,286132.0,32516.692,CIF/import value,-0.9411764705882353,False
2024-05,MUS,Mauritius,117.0,124.0,2431703.0,2272824.669,FOB,0.05982905982905984,False
2024-05,MEX,Mexico,44751.0,,434502232.0,539041971.0,FOB,,False
2024-05,MNE,Montenegro,16.0,12.0,374321.0,310176.795,CIF/import value,-0.25,False
2024-05,MMR,Myanmar,529.0,6749.384,9529828.0,18946140.015,CIF/import value,11.758759924385632,True
2024-05,NLD,Netherlands,1825.0,1216.061,19396804.0,6567758.747,CIF/import value,-0.3336652054794521,True
2024-05,NZL,New Zealand,2188.0,1145.0,40710787.0,25211676.834,FOB,-0.476691042047532,False
2024-05,NGA,Nigeria,220.0,35.002,2487930.0,985502.185,CIF/import value,-0.8409,True
2024-05,MKD,North Macedonia,24.0,153.0,277380.0,1292459.715,CIF/import value,5.375,False
2024-05,NOR,Norway,481.0,2441.68,13589850.0,80226329.266,CIF/import value,4.076257796257796,True
2024-05,OMN,Oman,989.0,517.994,11245954.0,13470111.812,CIF/import value,-0.47624469160768446,True
2024-05,PAK,Pakistan,2931.0,14619.816,33608642.0,20382231.991,CIF/import value,3.987995905834187,True
2024-05,PAN,Panama,1846.0,1303.159,20824109.0,19112485.0,CIF/import value,-0.2940633802816901,True
2024-05,PRY,Paraguay,441.0,153.051,5463276.0,2544227.6,FOB,-0.6529455782312925,True
2024-05,PER,Peru,6366.0,2937.0,48953516.0,26837050.906,FOB,-0.5386427898209236,False
2024-05,PHL,Philippines,9205.0,3605.0,31844221.0,40823177.0,FOB,-0.6083650190114068,False
2024-05,POL,Poland,4602.0,3299.0,23509127.0,48855823.0,CIF/import value,-0.28313776618861364,False
2024-05,PRT,Portugal,246.0,22.0,1555721.0,631536.785,CIF/import value,-0.9105691056910569,False
2024-05,KOR,Rep. of Korea,8887.0,6869.177,211490000.0,223257454.0,CIF/import value,-0.22705333633397096,True
2024-05,MDA,Rep. of Moldova,641.0,648.0,2836864.0,6835088.0,CIF/import value,0.010920436817472678,False
2024-05,ROU,Romania,2078.0,2044.0,13079931.0,8890036.58,FOB,-0.016361886429258954,False
2024-05,SAU,Saudi Arabia,14806.0,12792.132,183964810.0,215233229.286,CIF/import value,-0.13601702012697559,True
2024-05,SRB,Serbia,696.0,312.0,3098494.0,1252180.0,FOB,-0.5517241379310345,False
2024-05,SGP,Singapore,1518.0,1148.0,35499743.0,23145761.255,CIF/import value,-0.24374176548089588,False
2024-05,SVN,Slovenia,627.0,634.0,5354852.0,10463331.1,CIF/import value,0.011164274322169154,False
2024-05,ZAF,South Africa,4967.0,5495.0,54319412.0,64634439.576,FOB,0.10630159049728216,False
2024-05,ESP,Spain,5607.0,12498.099,75773521.0,253317395.354,CIF/import value,1.2290171214553238,True
2024-05,PSE,State of Palestine,115.0,26.492,2512198.0,709180.024,CIF/import value,-0.7696347826086957,True
2024-05,SWE,Sweden,3297.0,1005.0,22496749.0,14204650.541,CIF/import value,-0.6951774340309372,False
2024-05,CHE,Switzerland,74.0,862.494,1296766.0,27964155.418,CIF/import value,10.655324324324324,True
2024-05,THA,Thailand,10154.0,3582.187,57510606.0,75008260.841,CIF/import value,-0.6472142012999803,True
2024-05,TGO,Togo,68.0,41.319,856477.0,721539.771,CIF/import value,-0.39236764705882354,True
2024-05,TTO,Trinidad and Tobago,213.0,34.0,3218336.0,582317.15,CIF/import value,-0.8403755868544601,False
2024-05,TUR,Türkiye,17513.0,11191.0,199241869.0,143379633.0,FOB,-0.3609889796151431,False
2024-05,USA,USA,47737.0,38629.0,344578675.0,197593386.0,FOB,-0.1907953997947085,False
2024-05,UKR,Ukraine,1873.0,2421.0,13718199.0,39741319.39,CIF/import value,0.2925787506673785,False
2024-05,GBR,United Kingdom,23941.0,24966.0,527216646.0,461113455.441,CIF/import value,0.042813583392506516,False
2024-05,UZB,Uzbekistan,7918.0,3826.0,153671901.0,67912200.0,CIF/import value,-0.5167971710027786,False
2024-05,YEM,Yemen,34.0,,434704.0,1533736.427,CIF/import value,,False
2024-06,AGO,Angola,534.0,86.27,6797422.0,1710767.34,FOB,-0.8384456928838951,True
2024-06,ARG,Argentina,974.0,502.0,10785004.0,6530084.0,FOB,-0.4845995893223819,False
2024-06,AUS,Australia,9371.0,12373.0,153370379.0,249783439.695,FOB,0.32035001600682955,False
2024-06,BHR,Bahrain,945.0,846.0,12646423.0,12594491.212,CIF/import value,-0.10476190476190472,False
2024-06,BRB,Barbados,36.0,9.919,752548.0,299063.0,CIF/import value,-0.7244722222222222,True
2024-06,BEL,Belgium,15473.0,4582.03,441349496.0,138617267.579,CIF/import value,-0.7038693207522781,False
2024-06,BOL,Bolivia (Plurinational State of),526.0,228.285,4702788.0,3965089.0,FOB,-0.5659980988593156,True
2024-06,BRA,Brazil,11161.0,72427.0,125533721.0,1439763791.0,FOB,5.489293074097303,False
2024-06,BGR,Bulgaria,932.0,1573.0,919290.0,4693096.953,CIF/import value,0.6877682403433476,False
2024-06,BFA,Burkina Faso,9.0,29.598,238866.0,752129.566,CIF/import value,2.2886666666666664,True
2024-06,KHM,Cambodia,882.0,1036.0,14942034.0,17644366.21,CIF/import value,0.17460317460317465,False
2024-06,CAN,Canada,7753.0,6603.0,153855577.0,146594035.026,FOB,-0.14832967883399972,False
2024-06,CHL,Chile,7701.0,5389.001,80187024.0,59814183.007,FOB,-0.30022062069861055,True
2024-06,HKG,"China, Hong Kong SAR",1081.0,1139.0,34394230.0,38289328.552,CIF/import value,0.05365402405180397,False
2024-06,MAC,"China, Macao SAR",126.0,140.242,4252180.0,4802311.069,CIF/import value,0.11303174603174604,True
2024-06,COL,Colombia,1385.0,1677.0,17806935.0,24619611.44,FOB,0.2108303249097474,False
2024-06,HRV,Croatia,295.0,65.0,4109872.0,852532.0,CIF/import value,-0.7796610169491526,False
2024-06,CYP,Cyprus,31.0,10.0,235060.0,244193.795,CIF/import value,-0.6774193548387097,False
2024-06,CZE,Czechia,2569.0,3296.0,8548995.0,37284516.0,FOB,0.2829894900739587,False
2024-06,DNK,Denmark,667.0,595.0,11174321.0,4851129.845,CIF/import value,-0.1079460269865068,True
2024-06,DOM,Dominican Rep.,1106.0,12.0,10884969.0,7753533.709,FOB,-0.9891500904159132,False
2024-06,ECU,Ecuador,2268.0,2039.0,19916278.0,15593171.443,FOB,-0.10097001763668434,False
2024-06,EGY,Egypt,4491.0,2245.493,41443194.0,50125122.372,CIF/import value,-0.5000015586729014,True
2024-06,SLV,El Salvador,216.0,74.738,839039.0,1396141.76,CIF/import value,-0.6539907407407408,True
2024-06,EST,Estonia,364.0,79.0,3747606.0,2217567.78,CIF/import value,-0.782967032967033,False
2024-06,FJI,Fiji,9.0,10.865,14046.0,62554.734,CIF/import value,0.2072222222222222,True
2024-06,FIN,Finland,139.0,1135.0,2126673.0,31173318.11,CIF/import value,7.16546762589928,False
2024-06,FRA,France,2217.0,8088.0,12027968.0,162905493.081,CIF/import value,2.648173207036536,False
2024-06,PYF,French Polynesia,242.0,58.0,3508529.0,927285.55,CIF/import value,-0.7603305785123967,False
2024-06,DEU,Germany,8159.0,11993.0,183146809.0,242728271.026,CIF/import value,0.4699105282510112,False
2024-06,GHA,Ghana,56.0,187.0,854007.0,496697.602,CIF/import value,2.3392857142857144,False
2024-06,GRC,Greece,691.0,669.0,2606070.0,8891445.249,CIF/import value,-0.03183791606367581,False
2024-06,GRD,Grenada,8.0,1.781,109331.0,32649.141,CIF/import value,-0.777375,True
2024-06,GTM,Guatemala,1510.0,556.777,6102268.0,11752863.0,CIF/import value,-0.6312735099337747,True
2024-06,GUY,Guyana,68.0,39.0,233638.0,235762.751,FOB,-0.42647058823529416,False
2024-06,HUN,Hungary,574.0,495.0,1997243.0,2895300.033,CIF/import value,-0.1376306620209059,False
2024-06,ISL,Iceland,67.0,41.496,646119.0,1401125.522,FOB,-0.38065671641791043,True
2024-06,IND,India,9289.0,837.0,22110348.0,20147522.252,CIF/import value,-0.9098934223274842,False
2024-06,IDN,Indonesia,5673.0,2868.79,89639456.0,94710373.0,CIF/import value,-0.4943081262118808,True
2024-06,IRL,Ireland,98.0,83.001,1568727.0,1135323.033,CIF/import value,-0.1530510204081632,True
2024-06,ISR,Israel,10309.0,2600.72,193094449.0,86391000.0,CIF/import value,-0.7477233485304103,True
2024-06,ITA,Italy,5022.0,6411.0,56386432.0,70071667.078,CIF/import value,0.27658303464755085,False
2024-06,JPN,Japan,3347.0,3780.0,86151076.0,89934258.841,CIF/import value,0.12936958470271875,False
2024-06,KWT,Kuwait,5052.0,4838.0,66543520.0,81026394.0,CIF/import value,-0.042359461599366544,False
2024-06,KGZ,Kyrgyzstan,3381.0,2654.439,62280708.0,27445756.0,CIF/import value,-0.21489529724933454,True
2024-06,LTU,Lithuania,628.0,279.0,1438517.0,240571.0,CIF/import value,-0.555732484076433,False
2024-06,MYS,Malaysia,11148.0,3227.0,136599035.0,86785125.946,CIF/import value,-0.7105310369573017,False
2024-06,MLT,Malta,28.0,1.0,259308.0,2961.953,CIF/import value,-0.9642857142857143,False
2024-06,MUS,Mauritius,249.0,123.0,3463610.0,2672759.045,FOB,-0.5060240963855422,False
2024-06,MEX,Mexico,36151.0,,360684441.0,409134065.0,FOB,,False
2024-06,MMR,Myanmar,836.0,523.0,14923055.0,9856255.97,CIF/import value,-0.37440191387559807,False
2024-06,NAM,Namibia,7.0,721.0,58250.0,777436.087,FOB,102.0,False
2024-06,NLD,Netherlands,2185.0,1822.0,17060965.0,1996958.624,CIF/import value,-0.16613272311212812,True
2024-06,NZL,New Zealand,269.0,1290.0,3795483.0,19489876.961,FOB,3.795539033457249,False
2024-06,NGA,Nigeria,574.0,75.169,8238290.0,1450723.59,CIF/import value,-0.8690435540069686,True
2024-06,MKD,North Macedonia,117.0,137.0,756472.0,1215790.098,CIF/import value,0.170940170940171,False
2024-06,NOR,Norway,234.0,3380.002,4370455.0,112757912.598,CIF/import value,13.44445299145299,True
2024-06,OMN,Oman,971.0,501.384,14871719.0,12175966.171,CIF/import value,-0.4836416065911432,True
2024-06,PAK,Pakistan,1799.0,34991.398,23746798.0,54644434.132,CIF/import value,18.450471372984993,True
2024-06,PAN,Panama,1836.0,1515.18,19926435.0,22569994.0,CIF/import value,-0.17473856209150318,True
2024-06,PRY,Paraguay,500.0,211.841,4744353.0,3580596.84,FOB,-0.576318,True
2024-06,PER,Peru,3987.0,4174.0,26730784.0,35270848.038,FOB,0.04690243290694762,False
2024-06,PHL,Philippines,9233.0,3306.0,43276118.0,42678026.0,FOB,-0.6419365320047655,False
2024-06,POL,Poland,4881.0,4701.0,30452680.0,70784876.0,CIF/import value,-0.03687768899815613,False
2024-06,PRT,Portugal,766.0,31.0,2452306.0,515573.432,CIF/import value,-0.9595300261096605,False
2024-06,KOR,Rep. of Korea,4732.0,2708.35,80431829.0,72905615.0,CIF/import value,-0.42765215553677094,True
2024-06,MDA,Rep. of Moldova,1131.0,450.0,4928469.0,3175939.0,CIF/import value,-0.6021220159151194,False
2024-06,ROU,Romania,3113.0,,8087254.0,3364984.85,FOB,,False
2024-06,SAU,Saudi Arabia,22696.0,19117.653,295392733.0,310368057.041,CIF/import value,-0.1576642139584068,True
2024-06,SRB,Serbia,789.0,506.0,3940777.0,2012727.0,FOB,-0.35868187579214195,False
2024-06,SGP,Singapore,1263.0,1096.0,23708835.0,20279782.342,CIF/import value,-0.13222486144101342,False
2024-06,SVK,Slovakia,43.0,935.0,477060.0,22620064.812,FOB,20.74418604651163,False
2024-06,SVN,Slovenia,1020.0,494.0,12203222.0,6242618.679,CIF/import value,-0.5156862745098039,False
2024-06,ZAF,South Africa,5740.0,4433.0,57924437.0,51461820.965,FOB,-0.22770034843205578,False
2024-06,ESP,Spain,5862.0,6794.0,151340930.0,91117580.427,CIF/import value,0.15899010576595018,False
2024-06,PSE,State of Palestine,137.0,102.216,2927664.0,2580118.095,CIF/import value,-0.25389781021897817,True
2024-06,SWE,Sweden,2010.0,670.0,43311810.0,13296508.232,CIF/import value,-0.6666666666666667,False
2024-06,CHE,Switzerland,93.0,1892.0,1761887.0,70141652.866,CIF/import value,19.344086021505376,False
2024-06,THA,Thailand,8920.0,2496.508,73405475.0,52896102.601,CIF/import value,-0.7201224215246638,True
2024-06,TGO,Togo,5.0,42.871,60612.0,763383.822,CIF/import value,7.574200000000001,True
2024-06,TTO,Trinidad and Tobago,100.0,249.0,1900367.0,4259118.624,CIF/import value,1.4900000000000002,False
2024-06,TUR,Türkiye,12163.0,12208.0,138468061.0,154487318.0,FOB,0.0036997451286688854,False
2024-06,USA,USA,55927.0,57858.0,402230217.0,254121038.0,FOB,0.03452715146530294,False
2024-06,UKR,Ukraine,1503.0,3250.0,11061613.0,47775840.07,CIF/import value,1.162341982701264,False
2024-06,GBR,United Kingdom,10897.0,37075.0,250806556.0,623079765.095,CIF/import value,2.402312563090759,False
2024-06,UZB,Uzbekistan,6040.0,3993.0,102977401.0,31629280.0,CIF/import value,-0.33890728476821197,False
2024-06,YEM,Yemen,5.0,2.739,35252.0,70137.013,CIF/import value,-0.45220000000000005,True
2024-06,ZWE,Zimbabwe,86.0,14.197,32112.0,179323.562,CIF/import value,-0.8349186046511627,True
2024-07,AGO,Angola,261.0,173.868,2887545.0,3065651.57,FOB,-0.3338390804597702,True
2024-07,ARG,Argentina,1296.0,1463.0,16977134.0,12044750.6,FOB,0.128858024691358,False
2024-07,AUS,Australia,16538.0,11347.0,288821172.0,209220219.84,FOB,-0.3138831781352037,False
2024-07,BHR,Bahrain,685.0,1422.0,8477362.0,20182258.476,CIF/import value,1.075912408759124,False
2024-07,BRB,Barbados,31.0,29.006,803724.0,934794.0,CIF/import value,-0.06432258064516128,True
2024-07,BEL,Belgium,24117.0,9139.06,687847991.0,281524763.237,CIF/import value,-0.6210531989882655,False
2024-07,BLZ,Belize,23.0,1.621,297060.0,21727.165,CIF/import value,-0.9295217391304348,True
2024-07,BOL,Bolivia (Plurinational State of),602.0,324.294,6171454.0,6619602.0,FOB,-0.46130564784053163,True
2024-07,BRA,Brazil,12125.0,6723.0,132659707.0,102185433.0,FOB,-0.4455257731958763,False
2024-07,BGR,Bulgaria,955.0,683.0,2805368.0,2227872.025,CIF/import value,-0.2848167539267016,False
2024-07,BFA,Burkina Faso,8.0,32.269,63232.0,723506.24,CIF/import value,3.033625,True
2024-07,KHM,Cambodia,1618.0,856.0,25422805.0,14211922.89,CIF/import value,-0.47095179233621753,False
2024-07,CAN,Canada,7410.0,6996.0,197298506.0,200303881.502,FOB,-0.05587044534412955,False
2024-07,CHL,Chile,8031.0,6107.0,83738362.0,65203837.209,FOB,-0.2395716598182045,False
2024-07,HKG,"China, Hong Kong SAR",2007.0,2187.0,54878366.0,70787373.312,CIF/import value,0.08968609865470856,False
2024-07,MAC,"China, Macao SAR",166.0,194.768,4834460.0,6722107.348,CIF/import value,0.17330120481927702,True
2024-07,COL,Colombia,2095.0,1896.0,28683962.0,22360963.11,FOB,-0.09498806682577565,False
2024-07,HRV,Croatia,297.0,135.0,3867806.0,1059432.0,CIF/import value,-0.5454545454545454,False
2024-07,CYP,Cyprus,30.0,39.0,79075.0,159400.487,CIF/import value,0.30000000000000004,False
2024-07,CZE,Czechia,2572.0,2485.0,7680804.0,11927426.0,FOB,-0.033825816485225535,False
2024-07,DNK,Denmark,581.0,1113.0,1583629.0,4120429.544,CIF/import value,0.9156626506024097,False
2024-07,DOM,Dominican Rep.,1247.0,17.0,10752212.0,7634780.958,FOB,-0.9863672814755413,False
2024-07,ECU,Ecuador,2594.0,2121.0,25857155.0,19901754.603,FOB,-0.18234387047031608,False
2024-07,EGY,Egypt,1464.0,3297.3,16043032.0,68825087.039,CIF/import value,1.2522540983606558,True
2024-07,SLV,El Salvador,727.0,116.943,3509539.0,2350726.74,CIF/import value,-0.839143053645117,True
2024-07,EST,Estonia,361.0,355.0,2304075.0,3395777.42,CIF/import value,-0.0166204986149584,False
2024-07,FJI,Fiji,5.0,4.0,127554.0,43978.286,CIF/import value,-0.19999999999999996,False
2024-07,FIN,Finland,195.0,796.0,3650749.0,24491747.638,CIF/import value,3.0820512820512818,False
2024-07,FRA,France,2578.0,10094.001,23813482.0,150636433.256,CIF/import value,2.9154387121799847,True
2024-07,PYF,French Polynesia,170.0,14.0,2167306.0,258174.801,CIF/import value,-0.9176470588235294,False
2024-07,DEU,Germany,11914.0,19290.0,233998851.0,407956651.846,CIF/import value,0.6191035756253147,False
2024-07,GHA,Ghana,104.0,83.0,1339364.0,694139.923,CIF/import value,-0.20192307692307687,False
2024-07,GRC,Greece,509.0,816.0,1122503.0,4660860.121,CIF/import value,0.6031434184675835,False
2024-07,GRD,Grenada,3.0,,52050.0,56692.767,CIF/import value,,False
2024-07,GTM,Guatemala,2840.0,363.182,11773557.0,6931350.0,CIF/import value,-0.872119014084507,True
2024-07,GUY,Guyana,3.0,12.0,11133.0,158292.431,FOB,3.0,False
2024-07,HUN,Hungary,144.0,248.047,215304.0,374062.661,CIF/import value,0.722548611111111,True
2024-07,ISL,Iceland,30.0,61.167,1593110.0,2088497.108,FOB,1.0389,True
2024-07,IND,India,8871.0,285.0,12460882.0,8320070.568,CIF/import value,-0.9678728440987487,False
2024-07,IDN,Indonesia,7134.0,3111.396,92071918.0,104159522.0,CIF/import value,-0.5638637510513036,True
2024-07,IRL,Ireland,60.0,471.011,1691099.0,14738044.656,CIF/import value,6.850183333333334,True
2024-07,ISR,Israel,9924.0,4168.807,188131871.0,140106000.0,CIF/import value,-0.5799267432486901,True
2024-07,ITA,Italy,9650.0,6845.0,108543424.0,75867987.435,CIF/import value,-0.2906735751295336,False
2024-07,JPN,Japan,2261.0,3114.0,57982029.0,79112122.261,CIF/import value,0.37726669615214514,False
2024-07,KWT,Kuwait,2663.0,5018.0,37007716.0,73547080.0,CIF/import value,0.8843409688321442,False
2024-07,KGZ,Kyrgyzstan,6407.0,1769.173,121443138.0,36413749.0,CIF/import value,-0.7238687373185578,True
2024-07,LVA,Latvia,48.0,163.0,57941.0,184655.281,CIF/import value,2.3958333333333335,False
2024-07,LTU,Lithuania,386.0,714.0,982480.0,496559.0,CIF/import value,0.849740932642487,False
2024-07,LUX,Luxembourg,2.0,201.0,90874.0,8394045.488,FOB,99.5,False
2024-07,MYS,Malaysia,7063.0,2594.0,71546805.0,65218985.486,CIF/import value,-0.632733965736939,False
2024-07,MLT,Malta,1.0,31.0,34889.0,284008.805,CIF/import value,30.0,False
2024-07,MUS,Mauritius,156.0,261.0,2331360.0,3350635.376,FOB,0.6730769230769231,False
2024-07,MEX,Mexico,54623.0,,495859970.0,506999004.0,FOB,,False
2024-07,MNE,Montenegro,10.0,14.0,138265.0,317114.067,CIF/import value,0.3999999999999999,False
2024-07,MMR,Myanmar,561.0,711.668,9038771.0,15150611.876,CIF/import value,0.26857040998217463,True
2024-07,NLD,Netherlands,2952.0,3022.0,38440243.0,4142160.372,CIF/import value,0.02371273712737132,False
2024-07,NZL,New Zealand,852.0,1211.0,14236378.0,21537539.588,FOB,0.42136150234741776,False
2024-07,NGA,Nigeria,1037.0,473.911,10461657.0,10286883.387,CIF/import value,-0.5429980713596914,True
2024-07,MKD,North Macedonia,98.0,183.0,541511.0,1489060.603,CIF/import value,0.8673469387755102,False
2024-07,NOR,Norway,936.0,2792.541,22998443.0,92907417.769,CIF/import value,1.9834839743589745,True
2024-07,OMN,Oman,1253.0,612.653,18311266.0,17274306.865,CIF/import value,-0.5110510774142059,True
2024-07,PAK,Pakistan,2794.0,14028.57,34215856.0,9729805.253,CIF/import value,4.0209627773801,True
2024-07,PAN,Panama,2029.0,1320.317,23018245.0,19412361.0,CIF/import value,-0.3492769837358305,True
2024-07,PRY,Paraguay,913.0,407.955,7074618.0,7181067.8,FOB,-0.553170865279299,True
2024-07,PER,Peru,6280.0,4244.0,50059105.0,29900398.837,FOB,-0.324203821656051,False
2024-07,PHL,Philippines,12123.0,2886.0,52654740.0,28593047.0,FOB,-0.7619401138332096,False
2024-07,POL,Poland,3486.0,3623.0,38559477.0,22030488.0,CIF/import value,0.03930005737234654,False
2024-07,PRT,Portugal,917.0,139.0,5001604.0,136816.591,CIF/import value,-0.8484187568157033,False
2024-07,KOR,Rep. of Korea,10352.0,8071.708,256542399.0,259042172.0,CIF/import value,-0.22027550231839266,True
2024-07,MDA,Rep. of Moldova,1324.0,1358.0,3103410.0,5360311.0,CIF/import value,0.025679758308157163,False
2024-07,ROU,Romania,2744.0,873.0,6973174.0,2481404.86,FOB,-0.6818513119533527,False
2024-07,SAU,Saudi Arabia,15988.0,19350.766,220702682.0,317748347.79,CIF/import value,0.2103306229672255,True
2024-07,SRB,Serbia,652.0,27.0,2693613.0,241365.0,FOB,-0.9585889570552147,False
2024-07,SGP,Singapore,1675.0,1716.0,41076333.0,42492303.473,CIF/import value,0.024477611940298516,False
2024-07,SVK,Slovakia,197.0,1158.0,1545014.0,37731930.966,FOB,4.878172588832487,False
2024-07,SVN,Slovenia,4414.0,292.0,145605880.0,4009991.972,CIF/import value,-0.9338468509288627,False
2024-07,ZAF,South Africa,8464.0,4543.0,90509890.0,46926074.938,FOB,-0.46325614366729684,False
2024-07,ESP,Spain,7975.0,5955.071,140248119.0,93452836.352,CIF/import value,-0.25328263322884015,True
2024-07,PSE,State of Palestine,58.0,123.929,1872065.0,2895958.056,CIF/import value,1.1367068965517242,True
2024-07,SWE,Sweden,3552.0,713.0,47617589.0,15528893.07,CIF/import value,-0.7992680180180181,False
2024-07,CHE,Switzerland,31.0,1115.0,847333.0,30563989.502,CIF/import value,34.96774193548387,False
2024-07,THA,Thailand,10405.0,4226.786,96025968.0,110310602.501,CIF/import value,-0.5937735703988467,True
2024-07,TGO,Togo,2.0,23.079,31820.0,478016.767,CIF/import value,10.5395,True
2024-07,TTO,Trinidad and Tobago,106.0,97.0,1798015.0,2257174.962,CIF/import value,-0.08490566037735847,False
2024-07,TUR,Türkiye,12138.0,9259.0,103297133.0,120638422.0,FOB,-0.2371889932443566,False
2024-07,USA,USA,52627.0,53062.0,349814790.0,373728960.0,FOB,0.008265719117563242,False
2024-07,UKR,Ukraine,1217.0,4518.0,13242942.0,38691442.44,CIF/import value,2.71240755957272,False
2024-07,GBR,United Kingdom,14015.0,26411.874,288817622.0,402790873.459,CIF/import value,0.8845432750624331,True
2024-07,UZB,Uzbekistan,7701.0,4143.0,144146131.0,54022970.0,CIF/import value,-0.46201791975068174,False
2024-07,YEM,Yemen,2.0,11.227,23138.0,217205.501,CIF/import value,4.6135,True
2024-07,ZWE,Zimbabwe,8.0,72.616,27840.0,49540.576,CIF/import value,8.077,True
2024-08,AGO,Angola,414.0,356.993,5261881.0,6556726.99,FOB,-0.1376980676328503,True
2024-08,ATG,Antigua and Barbuda,18.0,1.0,341839.0,6433.57,CIF/import value,-0.9444444444444444,False
2024-08,ARG,Argentina,1366.0,423.0,12380797.0,4569286.73,FOB,-0.6903367496339678,False
2024-08,AUS,Australia,9611.0,13138.0,158102923.0,242345419.905,FOB,0.3669753407553844,False
2024-08,BHR,Bahrain,821.0,447.0,11560185.0,6883811.814,CIF/import value,-0.45554202192448234,False
2024-08,BRB,Barbados,48.0,31.452,886635.0,813851.0,CIF/import value,-0.34475,True
2024-08,BEL,Belgium,20795.0,1962.39,466428171.0,42154729.884,CIF/import value,-0.9056316422216879,False
2024-08,BLZ,Belize,17.0,11.447,124479.0,311426.965,CIF/import value,-0.3266470588235295,True
2024-08,BOL,Bolivia (Plurinational State of),496.0,321.189,5015457.0,5289635.0,FOB,-0.3524415322580645,True
2024-08,BRA,Brazil,11051.0,10012.203,127858238.0,138810751.0,FOB,-0.09400027146864542,True
2024-08,BGR,Bulgaria,791.0,996.0,2690296.0,2066436.204,CIF/import value,0.2591656131479141,False
2024-08,BFA,Burkina Faso,22.0,26.005,236402.0,664071.966,CIF/import value,0.1820454545454544,True
2024-08,KHM,Cambodia,1057.0,1361.0,17666082.0,25248555.98,CIF/import value,0.2876064333017976,False
2024-08,CAN,Canada,13850.0,12976.0,441988495.0,426127474.417,FOB,-0.06310469314079425,False
2024-08,CHL,Chile,8835.0,6563.0,91087527.0,73894466.302,FOB,-0.257159026598755,False
2024-08,HKG,"China, Hong Kong SAR",2296.0,1883.0,59196972.0,62963695.92,CIF/import value,-0.17987804878048785,False
2024-08,MAC,"China, Macao SAR",185.0,229.125,6008444.0,7887198.561,CIF/import value,0.23851351351351346,True
2024-08,COL,Colombia,2399.0,1437.0,33056127.0,16774084.7,FOB,-0.40100041684035015,False
2024-08,HRV,Croatia,421.0,285.0,3448200.0,4329831.0,CIF/import value,-0.3230403800475059,False
2024-08,CYP,Cyprus,60.0,30.0,149776.0,488177.728,CIF/import value,-0.5,False
2024-08,CZE,Czechia,2390.0,2646.0,8238713.0,9380729.0,FOB,0.107112970711297,False
2024-08,DNK,Denmark,170.0,659.0,538608.0,843477.245,CIF/import value,2.876470588235294,False
2024-08,DOM,Dominican Rep.,1100.0,19.0,12396318.0,9490283.297,FOB,-0.9827272727272727,False
2024-08,ECU,Ecuador,3788.0,2715.0,30102740.0,25333244.883,FOB,-0.2832629355860612,False
2024-08,EGY,Egypt,3945.0,2444.957,36729763.0,48883310.998,CIF/import value,-0.3802390367553866,True
2024-08,SLV,El Salvador,593.0,80.996,930860.0,1758489.49,CIF/import value,-0.8634131534569983,True
2024-08,EST,Estonia,340.0,382.0,4132460.0,5484739.62,CIF/import value,0.12352941176470589,False
2024-08,FJI,Fiji,34.0,10.02,334293.0,183692.087,CIF/import value,-0.7052941176470588,True
2024-08,FIN,Finland,120.0,474.0,478681.0,18458441.837,CIF/import value,2.95,False
2024-08,FRA,France,5271.0,,50116323.0,92813268.187,CIF/import value,,False
2024-08,PYF,French Polynesia,194.0,212.0,2312240.0,3415982.927,CIF/import value,0.09278350515463907,False
2024-08,DEU,Germany,11168.0,14281.0,256388109.0,289742084.67,CIF/import value,0.2787428366762177,False
2024-08,GHA,Ghana,231.0,79.0,2900861.0,827793.506,CIF/import value,-0.6580086580086579,False
2024-08,GRC,Greece,565.0,328.0,4321758.0,2428700.356,CIF/import value,-0.4194690265486726,False
2024-08,GRD,Grenada,8.0,5.021,100290.0,120383.826,CIF/import value,-0.372375,True
2024-08,GTM,Guatemala,1102.0,455.38,6299278.0,9017970.0,CIF/import value,-0.5867695099818512,True
2024-08,GUY,Guyana,7.0,72.0,113255.0,383592.114,FOB,9.285714285714286,False
2024-08,HUN,Hungary,353.0,,1570596.0,1744971.229,CIF/import value,,False
2024-08,ISL,Iceland,12.0,39.244,340980.0,1121262.062,FOB,2.2703333333333333,True
2024-08,IND,India,9549.0,500.0,15264890.0,9081523.827,CIF/import value,-0.9476384961776102,False
2024-08,IDN,Indonesia,8195.0,3468.193,124595385.0,115908147.0,CIF/import value,-0.5767915802318486,True
2024-08,IRL,Ireland,2.0,218.026,115519.0,6085305.233,CIF/import value,108.013,True
2024-08,ISR,Israel,8567.0,3575.484,153064839.0,113314000.0,CIF/import value,-0.5826445663592856,True
2024-08,ITA,Italy,14540.0,4745.0,154477485.0,49739950.496,CIF/import value,-0.6736588720770289,False
2024-08,JPN,Japan,3953.0,3011.0,102902506.0,81010326.022,CIF/import value,-0.2383000252972426,False
2024-08,KWT,Kuwait,5350.0,3195.0,71612706.0,53369377.0,CIF/import value,-0.40280373831775695,False
2024-08,KGZ,Kyrgyzstan,10148.0,3347.24,199363442.0,30483971.0,CIF/import value,-0.670157666535278,True
2024-08,LVA,Latvia,120.0,75.0,291420.0,30443.177,CIF/import value,-0.375,False
2024-08,LTU,Lithuania,694.0,403.0,1026176.0,564542.0,CIF/import value,-0.4193083573487032,False
2024-08,MYS,Malaysia,12562.0,2237.0,119430567.0,59806198.763,CIF/import value,-0.8219232606272886,False
2024-08,MLT,Malta,6.0,19.0,201375.0,93418.541,CIF/import value,2.1666666666666665,False
2024-08,MUS,Mauritius,281.0,132.0,4342569.0,3192200.387,FOB,-0.5302491103202847,False
2024-08,MEX,Mexico,52575.0,,566534563.0,464829235.0,FOB,,False
2024-08,MMR,Myanmar,524.0,518.752,8323977.0,10979229.89,CIF/import value,-0.010015267175572662,True
2024-08,NLD,Netherlands,2992.0,2857.0,20361914.0,2516567.656,CIF/import value,-0.045120320855615015,False
2024-08,NZL,New Zealand,942.0,848.0,9840407.0,12680201.07,FOB,-0.0997876857749469,False
2024-08,NGA,Nigeria,288.0,342.186,3621006.0,8025013.221,CIF/import value,0.18814583333333323,True
2024-08,MKD,North Macedonia,49.0,340.0,275693.0,1537435.114,CIF/import value,5.938775510204081,False
2024-08,NOR,Norway,450.0,3262.554,9558467.0,107999941.093,CIF/import value,6.25012,True
2024-08,OMN,Oman,1435.0,786.031,20423564.0,20214384.884,CIF/import value,-0.45224320557491293,True
2024-08,PAK,Pakistan,2314.0,106831.643,30887956.0,39170792.014,CIF/import value,45.167520743301644,True
2024-08,PAN,Panama,1644.0,1568.998,19358529.0,23418917.0,CIF/import value,-0.04562165450121647,True
2024-08,PRY,Paraguay,1004.0,229.579,8635188.0,4173010.19,FOB,-0.7713356573705179,True
2024-08,PER,Peru,4306.0,4501.0,31184409.0,37447607.411,FOB,0.04528564793311651,False
2024-08,PHL,Philippines,13610.0,5083.0,63214428.0,57910550.0,FOB,-0.6265246142542249,False
2024-08,POL,Poland,4299.0,3419.0,33360340.0,43909325.0,CIF/import value,-0.20469876715515234,False
2024-08,PRT,Portugal,679.0,81.0,3441833.0,1551450.132,CIF/import value,-0.8807069219440353,False
2024-08,KOR,Rep. of Korea,6244.0,4706.697,136449590.0,148097285.0,CIF/import value,-0.24620483664317738,True
2024-08,MDA,Rep. of Moldova,794.0,1218.0,3040000.0,7237493.0,CIF/import value,0.5340050377833754,False
2024-08,ROU,Romania,1824.0,1278.0,5981623.0,2606810.58,FOB,-0.29934210526315785,False
2024-08,SAU,Saudi Arabia,18215.0,17467.579,247525722.0,291860373.237,CIF/import value,-0.04103326928355744,True
2024-08,SRB,Serbia,347.0,325.0,3271501.0,891927.0,FOB,-0.06340057636887608,False
2024-08,SGP,Singapore,1788.0,1274.0,32310134.0,29179395.645,CIF/import value,-0.28747203579418346,False
2024-08,SVK,Slovakia,198.0,492.0,1695883.0,15714224.853,FOB,1.4848484848484849,False
2024-08,SVN,Slovenia,7314.0,330.0,193479983.0,4049999.7,CIF/import value,-0.9548810500410172,False
2024-08,ZAF,South Africa,4647.0,7077.0,50631053.0,78567904.627,FOB,0.5229180116204002,False
2024-08,ESP,Spain,12814.0,7131.0,224396057.0,143912302.263,CIF/import value,-0.44349929764320273,False
2024-08,PSE,State of Palestine,16.0,117.87,380800.0,2624639.654,CIF/import value,6.366875,True
2024-08,SWE,Sweden,3405.0,826.0,105854753.0,13817430.787,CIF/import value,-0.7574155653450807,False
2024-08,CHE,Switzerland,59.0,1534.0,989703.0,52328433.716,CIF/import value,25.0,False
2024-08,THA,Thailand,12668.0,5646.073,108087185.0,128107989.341,CIF/import value,-0.5543043100726239,True
2024-08,TGO,Togo,20.0,0.778,271407.0,20958.035,CIF/import value,-0.9611,True
2024-08,TON,Tonga,10.0,1.818,113850.0,50686.909,CIF/import value,-0.8182,True
2024-08,TTO,Trinidad and Tobago,240.0,116.0,1451709.0,2435246.625,CIF/import value,-0.5166666666666666,False
2024-08,TUR,Türkiye,10583.0,6804.0,126346617.0,82006386.0,FOB,-0.35708211282245106,False
2024-08,USA,USA,76915.0,68758.0,461612013.0,588040188.0,FOB,-0.10605213547422476,False
2024-08,UKR,Ukraine,814.0,3371.0,7666817.0,33597438.81,CIF/import value,3.1412776412776413,False
2024-08,GBR,United Kingdom,14766.0,18978.79,259832833.0,275171894.457,CIF/import value,0.28530339970201823,True
2024-08,UZB,Uzbekistan,5645.0,6439.0,103224305.0,82543320.0,CIF/import value,0.14065544729849422,False
2024-08,YEM,Yemen,26.0,,179015.0,434414.105,CIF/import value,,False
2024-08,ZWE,Zimbabwe,18.0,84.0,422017.0,32872.88,CIF/import value,3.666666666666667,False
2024-09,AGO,Angola,319.0,368.95,4159574.0,6397092.6,FOB,0.15658307210031341,True
2024-09,ATG,Antigua and Barbuda,20.0,10.0,328478.0,333162.377,CIF/import value,-0.5,False
2024-09,ARG,Argentina,1255.0,2266.0,15181277.0,26700062.9,FOB,0.805577689243028,False
2024-09,AUS,Australia,13732.0,10936.0,228420553.0,223976937.427,FOB,-0.20361200116516165,False
2024-09,BHR,Bahrain,1115.0,1133.0,13075226.0,16395788.328,CIF/import value,0.016143497757847625,False
2024-09,BRB,Barbados,12.0,34.639,281224.0,1151757.0,CIF/import value,1.8865833333333337,True
2024-09,BEL,Belgium,35370.0,2241.02,860695439.0,49747096.104,CIF/import value,-0.9366406559230986,False
2024-09,BLZ,Belize,1.0,0.015,21305.0,221.925,CIF/import value,-0.985,True
2024-09,BOL,Bolivia (Plurinational State of),200.0,339.955,1938157.0,6318318.0,FOB,0.6997749999999998,True
2024-09,BIH,Bosnia Herzegovina,63.0,25.96,27858.0,547315.032,CIF/import value,-0.587936507936508,True
2024-09,BRA,Brazil,12265.0,4040.0,159322490.0,34647630.0,FOB,-0.6706074194863432,False
2024-09,BGR,Bulgaria,634.0,1507.0,1827935.0,1881623.307,CIF/import value,1.3769716088328074,False
2024-09,BFA,Burkina Faso,28.0,13.367,234378.0,333364.445,CIF/import value,-0.5226071428571428,True
2024-09,KHM,Cambodia,1379.0,1081.0,21322635.0,21186916.81,CIF/import value,-0.21609862218999276,False
2024-09,CAN,Canada,3225.0,4800.0,74193167.0,153287334.974,FOB,0.4883720930232558,False
2024-09,CHL,Chile,6309.0,7341.023,65781058.0,86566008.947,FOB,0.16357948961800606,True
2024-09,HKG,"China, Hong Kong SAR",2223.0,2124.0,66759068.0,70646507.158,CIF/import value,-0.04453441295546556,False
2024-09,MAC,"China, Macao SAR",189.0,226.891,6208643.0,7862031.747,CIF/import value,0.20048148148148148,True
2024-09,COL,Colombia,2497.0,1925.0,32715395.0,27388542.28,FOB,-0.2290748898678414,False
2024-09,HRV,Croatia,765.0,153.4,10539638.0,2713284.0,CIF/import value,-0.7994771241830065,False
2024-09,CYP,Cyprus,51.0,49.0,185926.0,83835.862,CIF/import value,-0.039215686274509776,False
2024-09,CZE,Czechia,1925.0,2090.003,6066577.0,29019001.0,FOB,0.08571584415584432,True
2024-09,DNK,Denmark,213.0,695.0,515638.0,7789432.873,CIF/import value,2.2629107981220655,False
2024-09,DOM,Dominican Rep.,920.0,13.0,7388943.0,8881222.734,FOB,-0.9858695652173913,False
2024-09,ECU,Ecuador,2027.0,3062.0,18907629.0,26745151.373,FOB,0.5106068080907746,False
2024-09,EGY,Egypt,4706.0,1693.893,49068563.0,40796265.201,CIF/import value,-0.640056736081598,True
2024-09,SLV,El Salvador,669.0,126.361,1758364.0,3022212.08,CIF/import value,-0.811119581464873,True
2024-09,EST,Estonia,237.0,236.0,1190609.0,2800436.43,CIF/import value,-0.00421940928270037,False
2024-09,FJI,Fiji,18.0,23.095,141463.0,299074.077,CIF/import value,0.2830555555555554,True
2024-09,FIN,Finland,256.0,606.0,670620.0,21037071.827,CIF/import value,1.3671875,False
2024-09,FRA,France,5879.0,11311.0,68016439.0,204287224.63,CIF/import value,0.923966660996768,False
2024-09,PYF,French Polynesia,21.0,204.0,337174.0,2871751.752,CIF/import value,8.714285714285714,False
2024-09,DEU,Germany,10676.0,13047.0,207864774.0,283755487.961,CIF/import value,0.22208692394155105,False
2024-09,GHA,Ghana,103.0,552.0,1234965.0,2814571.7,CIF/import value,4.359223300970874,False
2024-09,GRC,Greece,648.0,476.0,7552901.0,3302304.685,CIF/import value,-0.26543209876543206,False
2024-09,GTM,Guatemala,2901.0,487.719,8965108.0,9065145.0,CIF/import value,-0.8318790072388831,True
2024-09,GUY,Guyana,23.0,9.0,233033.0,121199.922,FOB,-0.6086956521739131,False
2024-09,HUN,Hungary,125.0,,125727.0,1653963.361,CIF/import value,,False
2024-09,ISL,Iceland,116.0,51.878,993376.0,1722067.439,FOB,-0.5527758620689656,True
2024-09,IND,India,7244.0,636.0,9200918.0,6080364.587,CIF/import value,-0.9122032026504694,False
2024-09,IDN,Indonesia,5232.0,2115.954,76961031.0,70317889.0,CIF/import value,-0.5955745412844036,True
2024-09,IRL,Ireland,1.0,236.0,4500.0,5061265.191,CIF/import value,235.0,True
2024-09,ISR,Israel,10745.0,3610.283,220447964.0,108392000.0,CIF/import value,-0.6640034434620754,True
2024-09,ITA,Italy,13209.0,13791.0,146534423.0,169969299.251,CIF/import value,0.044060867590279384,False
2024-09,JPN,Japan,2721.0,3245.0,72016800.0,84790308.936,CIF/import value,0.19257625872840878,False
2024-09,KWT,Kuwait,5426.0,5287.0,61768305.0,87842627.0,CIF/import value,-0.025617397714706946,False
2024-09,KGZ,Kyrgyzstan,11840.0,1811.209,244901621.0,41770192.0,CIF/import value,-0.8470262668918919,True
2024-09,LVA,Latvia,130.0,59.0,572584.0,228019.507,CIF/import value,-0.5461538461538462,False
2024-09,LTU,Lithuania,143.0,1288.0,724035.0,857296.0,CIF/import value,8.006993006993007,False
2024-09,MYS,Malaysia,11132.0,1456.0,118572501.0,40952874.254,CIF/import value,-0.869205892921308,False
2024-09,MLT,Malta,3.0,1.0,93900.0,3347.348,CIF/import value,-0.6666666666666667,False
2024-09,MUS,Mauritius,228.0,350.0,4516098.0,6229639.641,FOB,0.5350877192982457,False
2024-09,MEX,Mexico,32873.0,,252105295.0,609914856.0,FOB,,False
2024-09,MNE,Montenegro,2.0,79.0,20579.0,926881.138,CIF/import value,38.5,False
2024-09,MMR,Myanmar,508.0,10957.847,8302768.0,5520638.184,CIF/import value,20.57056496062992,True
2024-09,NLD,Netherlands,2367.0,1422.0,37185368.0,13722563.605,CIF/import value,-0.3992395437262357,False
2024-09,NZL,New Zealand,576.0,713.0,8733887.0,10730258.188,FOB,0.23784722222222232,False
2024-09,NGA,Nigeria,146.0,526.004,1741969.0,10436289.044,CIF/import value,2.6027671232876712,True
2024-09,MKD,North Macedonia,6.0,219.0,73500.0,1145251.695,CIF/import value,35.5,False
2024-09,NOR,Norway,840.0,3657.368,16873297.0,122187956.302,CIF/import value,3.3540095238095233,True
2024-09,OMN,Oman,1025.0,904.776,13483624.0,24002413.486,CIF/import value,-0.11729170731707317,True
2024-09,PAK,Pakistan,2072.0,18720.242,25459061.0,32778560.835,CIF/import value,8.034865830115828,True
2024-09,PAN,Panama,1201.0,1476.479,14726541.0,23641831.0,CIF/import value,0.22937468776019987,True
2024-09,PRY,Paraguay,344.0,415.341,4416144.0,7653240.03,FOB,0.2073866279069767,True
2024-09,PER,Peru,5058.0,5429.0,37856556.0,44697376.909,FOB,0.07334914986160546,False
2024-09,PHL,Philippines,17113.0,4495.045,64274825.0,57468111.0,FOB,-0.7373315608017297,True
2024-09,POL,Poland,5442.0,4682.0,51205608.0,80031092.0,CIF/import value,-0.1396545387725101,False
2024-09,PRT,Portugal,915.0,262.0,3283066.0,3482866.033,CIF/import value,-0.7136612021857924,False
2024-09,KOR,Rep. of Korea,3544.0,2622.228,70221942.0,75087364.0,CIF/import value,-0.26009367945823925,True
2024-09,MDA,Rep. of Moldova,572.0,1239.0,2320570.0,5912538.0,CIF/import value,1.1660839160839163,False
2024-09,ROU,Romania,1689.0,1952.0,5469686.0,12560310.36,FOB,0.1557134399052693,False
2024-09,SAU,Saudi Arabia,20881.0,24015.506,268329593.0,386664379.133,CIF/import value,0.15011282984531404,True
2024-09,SRB,Serbia,370.0,484.0,1821025.0,1382282.0,FOB,0.30810810810810807,False
2024-09,SGP,Singapore,1587.0,839.0,40153465.0,24306617.491,CIF/import value,-0.47132955261499687,False
2024-09,SVK,Slovakia,111.0,999.0,996331.0,29534371.27,FOB,8.0,False
2024-09,SVN,Slovenia,6121.0,277.0,156876240.0,3345323.33,CIF/import value,-0.9547459565430485,False
2024-09,ZAF,South Africa,6986.0,2613.0,69831806.0,32298785.379,FOB,-0.625966218150587,False
2024-09,ESP,Spain,17730.0,9117.003,370561384.0,154142368.257,CIF/import value,-0.4857866328257191,True
2024-09,PSE,State of Palestine,78.0,58.029,1829743.0,1544722.774,CIF/import value,-0.25603846153846155,True
2024-09,SWE,Sweden,5431.0,825.0,154472464.0,6691443.672,CIF/import value,-0.8480942736144357,False
2024-09,CHE,Switzerland,18.0,935.002,359038.0,34725389.768,CIF/import value,50.94455555555555,True
2024-09,THA,Thailand,7043.0,1176.283,81999967.0,25725636.085,CIF/import value,-0.8329855175351413,True
2024-09,TGO,Togo,54.0,8.054,754709.0,207648.515,CIF/import value,-0.8508518518518519,True
2024-09,TON,Tonga,3.0,3.628,38400.0,62208.41,CIF/import value,0.20933333333333337,True
2024-09,TTO,Trinidad and Tobago,106.0,8.0,1122397.0,289074.064,CIF/import value,-0.9245283018867925,False
2024-09,TUR,Türkiye,6213.0,3119.0,87116702.0,47722758.0,FOB,-0.49798808948977946,False
2024-09,USA,USA,58038.0,58652.0,371607353.0,286394804.0,FOB,0.010579275646989794,False
2024-09,UKR,Ukraine,998.0,3049.0,11638860.0,45165506.42,CIF/import value,2.055110220440882,False
2024-09,GBR,United Kingdom,13920.0,25926.0,264926187.0,362915540.59,CIF/import value,0.8625,False
2024-09,UZB,Uzbekistan,6047.0,5430.0,110259207.0,52188529.98,CIF/import value,-0.10203406647924596,False
2024-09,YEM,Yemen,40.0,11.231,552582.0,249494.317,CIF/import value,-0.719225,True
2024-09,ZWE,Zimbabwe,1.0,3.0,1330.0,580.83,CIF/import value,2.0,False
2024-10,AGO,Angola,341.0,211.289,4041412.0,4143349.28,FOB,-0.3803841642228739,True
2024-10,ATG,Antigua and Barbuda,8.0,39.0,76250.0,1006844.092,CIF/import value,3.875,False
2024-10,ARG,Argentina,1176.0,684.0,10455915.0,5390226.77,FOB,-0.41836734693877553,False
2024-10,AUS,Australia,15782.0,18560.0,283961209.0,373604203.166,FOB,0.17602331770371316,False
2024-10,BHR,Bahrain,756.0,874.0,11030624.0,14015479.399,CIF/import value,0.15608465608465605,False
2024-10,BRB,Barbados,38.0,55.946,698060.0,1455715.0,CIF/import value,0.4722631578947367,True
2024-10,BEL,Belgium,29903.0,6207.81,747599519.0,139812145.433,CIF/import value,-0.7924017657091261,False
2024-10,BLZ,Belize,1.0,2.413,7050.0,59314.355,CIF/import value,1.4129999999999998,True
2024-10,BOL,Bolivia (Plurinational State of),211.0,312.719,1591813.0,5745951.0,FOB,0.4820805687203791,True
2024-10,BIH,Bosnia Herzegovina,18.0,7.987,215730.0,145472.632,CIF/import value,-0.5562777777777778,True
2024-10,BRA,Brazil,13516.0,7385.0,179661803.0,103939498.0,FOB,-0.4536105356614383,False
2024-10,BGR,Bulgaria,1243.0,1440.0,2381947.0,4326807.818,CIF/import value,0.15848753016894612,False
2024-10,BFA,Burkina Faso,151.0,8.583,1682841.0,229021.005,CIF/import value,-0.943158940397351,True
2024-10,KHM,Cambodia,1395.0,1007.0,24902047.0,18146114.86,CIF/import value,-0.27813620071684586,False
2024-10,CAN,Canada,992.0,2255.0,10782337.0,30284317.858,FOB,1.2731854838709675,False
2024-10,CHL,Chile,10188.0,7242.0,99567644.0,77511877.958,FOB,-0.2891637220259128,False
2024-10,HKG,"China, Hong Kong SAR",2446.0,2172.0,71529313.0,74426333.04,CIF/import value,-0.1120196238757154,False
2024-10,MAC,"China, Macao SAR",265.0,323.052,8812316.0,11100936.31,CIF/import value,0.21906415094339637,True
2024-10,COL,Colombia,3623.0,3015.0,50743792.0,45024655.74,FOB,-0.1678167264697764,False
2024-10,HRV,Croatia,61.0,134.0,91789.0,1580891.0,CIF/import value,1.19672131147541,False
2024-10,CYP,Cyprus,25.0,45.0,48895.0,293160.119,CIF/import value,0.8,False
2024-10,CZE,Czechia,1999.0,2873.0,4702531.0,19110247.0,FOB,0.4372186093046524,False
2024-10,DNK,Denmark,206.0,429.003,544459.0,620085.026,CIF/import value,1.0825388349514564,True
2024-10,DOM,Dominican Rep.,372.0,16.0,3918249.0,11656427.773,FOB,-0.956989247311828,False
2024-10,ECU,Ecuador,2146.0,2456.0,22131120.0,25487195.408,FOB,0.14445479962721341,False
2024-10,EGY,Egypt,4903.0,1716.38,52794933.0,38914472.979,CIF/import value,-0.6499326942688151,True
2024-10,SLV,El Salvador,658.0,77.617,1441441.0,1757863.12,CIF/import value,-0.8820410334346505,True
2024-10,EST,Estonia,300.0,164.0,672621.0,4724701.17,CIF/import value,-0.45333333333333337,False
2024-10,FJI,Fiji,30.0,17.547,253422.0,287815.675,CIF/import value,-0.4151,True
2024-10,FIN,Finland,257.0,592.0,1183337.0,20302452.958,CIF/import value,1.3035019455252916,False
2024-10,FRA,France,5240.0,10324.0,55954986.0,159150350.807,CIF/import value,0.9702290076335878,False
2024-10,PYF,French Polynesia,224.0,126.0,2599305.0,2019088.354,CIF/import value,-0.4375,False
2024-10,DEU,Germany,8708.0,,212555767.0,370518790.279,CIF/import value,,False
2024-10,GHA,Ghana,188.0,384.0,2056583.0,19227047.758,CIF/import value,1.0425531914893615,False
2024-10,GRC,Greece,447.0,355.0,5109312.0,5026111.59,CIF/import value,-0.2058165548098434,False
2024-10,GRD,Grenada,2.0,,63300.0,59172.511,CIF/import value,,False
2024-10,GTM,Guatemala,1377.0,729.504,7787565.0,14102023.0,CIF/import value,-0.4702222222222222,True
2024-10,GUY,Guyana,37.0,35.0,155289.0,168064.602,FOB,-0.05405405405405406,False
2024-10,HUN,Hungary,208.0,870.002,1864519.0,6579026.593,CIF/import value,3.182701923076923,True
2024-10,ISL,Iceland,26.0,58.308,395568.0,1934014.64,FOB,1.2426153846153847,True
2024-10,IND,India,4303.0,822.0,8475687.0,7596755.72,CIF/import value,-0.8089704857076458,False
2024-10,IDN,Indonesia,7052.0,4312.747,57249841.0,140980290.0,CIF/import value,-0.38843633011911505,True
2024-10,IRL,Ireland,169.0,136.0,593484.0,1929024.924,CIF/import value,-0.1952662721893491,True
2024-10,ISR,Israel,23704.0,3920.054,501832601.0,121435000.0,CIF/import value,-0.8346247890651367,True
2024-10,ITA,Italy,9255.0,15766.0,104235116.0,169284520.16,CIF/import value,0.7035116153430578,False
2024-10,JPN,Japan,2513.0,4305.0,64353077.0,104404576.944,CIF/import value,0.7130919220055709,False
2024-10,KWT,Kuwait,4830.0,3415.393,58080074.0,102593072.0,CIF/import value,-0.2928792960662526,True
2024-10,KGZ,Kyrgyzstan,8270.0,4382.532,162679848.0,49242301.0,CIF/import value,-0.4700686819830713,True
2024-10,LVA,Latvia,126.0,203.0,569356.0,299481.37,CIF/import value,0.6111111111111112,False
2024-10,LTU,Lithuania,240.0,487.0,1115555.0,403237.0,CIF/import value,1.0291666666666668,False
2024-10,LUX,Luxembourg,1.0,234.0,6945.0,9822880.767,FOB,233.0,False
2024-10,MYS,Malaysia,7789.0,1330.0,83730642.0,32995906.312,CIF/import value,-0.8292463730902555,False
2024-10,MLT,Malta,39.0,1.0,18480.0,10367.854,CIF/import value,-0.9743589743589743,False
2024-10,MUS,Mauritius,353.0,205.0,3681585.0,3299913.239,FOB,-0.4192634560906515,False
2024-10,MEX,Mexico,34553.0,,276500524.0,325331741.0,FOB,,False
2024-10,MMR,Myanmar,682.0,269.292,10902028.0,5711172.32,CIF/import value,-0.6051436950146628,True
2024-10,NLD,Netherlands,2053.0,2077.0,15398320.0,5619328.828,CIF/import value,0.011690209449585875,False
2024-10,NZL,New Zealand,951.0,1077.0,11276049.0,20344912.122,FOB,0.13249211356466883,False
2024-10,NGA,Nigeria,311.0,71.573,4385468.0,1771693.768,CIF/import value,-0.7698617363344051,True
2024-10,MKD,North Macedonia,36.0,158.0,444640.0,1180671.039,CIF/import value,3.3888888888888893,False
2024-10,NOR,Norway,560.0,3554.225,8288035.0,117001990.781,CIF/import value,5.346830357142857,True
2024-10,OMN,Oman,781.0,604.621,11438261.0,17174894.642,CIF/import value,-0.22583738796414854,True
2024-10,PAK,Pakistan,1358.0,41261.873,17438823.0,28311918.518,CIF/import value,29.38429528718704,True
2024-10,PAN,Panama,1573.0,1759.193,18091270.0,26821167.0,CIF/import value,0.11836808645899555,True
2024-10,PRY,Paraguay,529.0,359.668,6916944.0,7037706.3,FOB,-0.32009829867674855,True
2024-10,PER,Peru,3133.0,4930.0,19384943.0,33865906.233,FOB,0.5735716565592084,False
2024-10,PHL,Philippines,13990.0,4523.081,51645026.0,50392414.0,FOB,-0.6766918513223732,True
2024-10,POL,Poland,6042.0,3666.0,69023271.0,48027036.0,CIF/import value,-0.3932472691161867,False
2024-10,PRT,Portugal,139.0,72.0,593786.0,1033999.328,CIF/import value,-0.48201438848920863,False
2024-10,KOR,Rep. of Korea,3885.0,2982.232,94103754.0,94026783.0,CIF/import value,-0.23237271557271555,True
2024-10,MDA,Rep. of Moldova,1142.0,1033.0,4996301.0,4390827.0,CIF/import value,-0.09544658493870406,False
2024-10,ROU,Romania,2063.0,649.0,7982506.0,4999424.58,FOB,-0.6854095976732913,False
2024-10,SAU,Saudi Arabia,27311.0,27642.732,356171915.0,455367144.082,CIF/import value,0.012146461132876762,True
2024-10,SRB,Serbia,326.0,28.0,2473103.0,291783.0,FOB,-0.9141104294478528,False
2024-10,SGP,Singapore,1359.0,1843.0,35071630.0,49053658.491,CIF/import value,0.35614422369389254,False
2024-10,SVK,Slovakia,168.0,1229.0,2112593.0,34583270.99,FOB,6.315476190476191,False
2024-10,SVN,Slovenia,5565.0,199.0,137321608.0,3231333.843,CIF/import value,-0.964240790655885,False
2024-10,ZAF,South Africa,3472.0,8838.0,31948724.0,92277243.204,FOB,1.5455069124423964,False
2024-10,ESP,Spain,13074.0,,208787088.0,435193712.423,CIF/import value,,False
2024-10,PSE,State of Palestine,168.0,96.589,3674100.0,2529401.606,CIF/import value,-0.4250654761904762,True
2024-10,SWE,Sweden,2051.0,790.0,33558282.0,18932973.988,CIF/import value,-0.6148220380302292,False
2024-10,CHE,Switzerland,23.0,1747.605,181001.0,63428619.569,CIF/import value,74.98282608695652,True
2024-10,THA,Thailand,10901.0,6755.133,185422944.0,191899707.893,CIF/import value,-0.3803198789101917,True
2024-10,TGO,Togo,97.0,27.239,1220202.0,580375.557,CIF/import value,-0.7191855670103093,True
2024-10,TTO,Trinidad and Tobago,62.0,108.0,1130300.0,1562240.688,CIF/import value,0.7419354838709677,False
2024-10,TUR,Türkiye,12167.0,6222.0,156348564.0,84269294.0,FOB,-0.48861675022602125,False
2024-10,USA,USA,48397.0,62493.0,330856732.0,398583707.0,FOB,0.2912577225861106,False
2024-10,UKR,Ukraine,1048.0,1838.0,9270482.0,33102219.26,CIF/import value,0.7538167938931297,False
2024-10,GBR,United Kingdom,18238.0,,409735891.0,293141849.454,CIF/import value,,False
2024-10,UZB,Uzbekistan,4842.0,8078.0,89700355.0,94418467.97,CIF/import value,0.6683188764973151,False
2024-10,YEM,Yemen,2.0,5.837,77260.0,180700.0,CIF/import value,1.9184999999999999,True
2024-11,AGO,Angola,434.0,193.166,5222782.0,3626652.17,FOB,-0.5549170506912442,True
2024-11,ATG,Antigua and Barbuda,12.0,13.0,220394.0,101440.452,CIF/import value,0.08333333333333326,False
2024-11,ARG,Argentina,1669.0,1855.0,20343590.0,16908900.62,FOB,0.11144397843019771,False
2024-11,AUS,Australia,13335.0,13201.0,183775958.0,233134179.729,FOB,-0.010048743907011604,False
2024-11,BHR,Bahrain,1311.0,538.0,15029571.0,8160620.826,CIF/import value,-0.589626239511823,False
2024-11,BRB,Barbados,32.0,18.852,513180.0,531943.5,CIF/import value,-0.410875,True
2024-11,BEL,Belgium,10404.0,2566.75,204516671.0,42597912.48,CIF/import value,-0.7532920030757401,False
2024-11,BLZ,Belize,8.0,7.42,60230.0,88312.48,CIF/import value,-0.07250000000000001,True
2024-11,BOL,Bolivia (Plurinational State of),679.0,296.411,6073690.0,5288881.0,FOB,-0.563459499263623,True
2024-11,BRA,Brazil,12241.0,7631.0,131356661.0,112718499.0,FOB,-0.37660321869128344,False
2024-11,BGR,Bulgaria,759.0,1123.0,2216085.0,3923879.444,CIF/import value,0.47957839262187085,False
2024-11,BFA,Burkina Faso,65.0,30.297,630934.0,977487.104,CIF/import value,-0.5338923076923077,True
2024-11,KHM,Cambodia,1516.0,1342.0,26040065.0,20222950.24,CIF/import value,-0.11477572559366755,False
2024-11,CAN,Canada,2403.0,1813.0,25468093.0,34223287.532,FOB,-0.2455264253017062,False
2024-11,CHL,Chile,8094.0,9351.0,82530336.0,96498730.022,FOB,0.1553002223869533,False
2024-11,HKG,"China, Hong Kong SAR",2365.0,1979.0,71724962.0,63813746.232,CIF/import value,-0.16321353065539113,False
2024-11,MAC,"China, Macao SAR",190.0,235.544,6398703.0,8109911.379,CIF/import value,0.23970526315789487,True
2024-11,COL,Colombia,3110.0,3652.0,36549028.0,58157637.96,FOB,0.1742765273311897,False
2024-11,HRV,Croatia,86.0,185.0,786875.0,3274104.0,CIF/import value,1.1511627906976742,False
2024-11,CYP,Cyprus,80.0,61.0,229191.0,963079.245,CIF/import value,-0.23750000000000004,False
2024-11,CZE,Czechia,1129.0,3377.0,3430827.0,22481147.0,FOB,1.991142604074402,False
2024-11,DNK,Denmark,324.0,229.0,845897.0,324208.419,CIF/import value,-0.29320987654320985,False
2024-11,DOM,Dominican Rep.,1016.0,21.0,13107909.0,5762905.435,FOB,-0.9793307086614174,False
2024-11,ECU,Ecuador,1785.0,1967.0,14878491.0,17132022.495,FOB,0.10196078431372557,False
2024-11,EGY,Egypt,6884.0,2830.963,74317904.0,62412472.933,CIF/import value,-0.5887619116792562,True
2024-11,SLV,El Salvador,598.0,103.82,3957579.0,2146095.49,CIF/import value,-0.8263879598662207,True
2024-11,EST,Estonia,281.0,31.0,1269785.0,553434.42,CIF/import value,-0.8896797153024911,False
2024-11,FJI,Fiji,8.0,5.565,123163.0,16269.335,CIF/import value,-0.30437499999999995,True
2024-11,FIN,Finland,72.0,930.0,415715.0,26172478.84,CIF/import value,11.916666666666666,False
2024-11,FRA,France,3100.0,9015.0,34282886.0,145128202.1,CIF/import value,1.9080645161290324,False
2024-11,PYF,French Polynesia,94.0,91.0,1501753.0,960538.864,CIF/import value,-0.03191489361702127,False
2024-11,DEU,Germany,6703.0,15219.001,143699154.0,356500080.123,CIF/import value,1.2704760554975385,True
2024-11,GHA,Ghana,209.0,399.0,2492518.0,2171106.27,CIF/import value,0.9090909090909092,False
2024-11,GRC,Greece,1478.0,583.0,15420288.0,6603242.735,CIF/import value,-0.6055480378890392,False
2024-11,GTM,Guatemala,846.0,624.566,7242820.0,12177240.0,CIF/import value,-0.2617423167848699,True
2024-11,GUY,Guyana,4.0,11.0,76700.0,164749.88,FOB,1.75,False
2024-11,HUN,Hungary,135.0,469.0,1588159.0,2908552.307,CIF/import value,2.474074074074074,False
2024-11,ISL,Iceland,40.0,71.041,179161.0,2361900.518,FOB,0.776025,True
2024-11,IND,India,8208.0,337.0,10577620.0,5165789.34,CIF/import value,-0.9589424951267056,False
2024-11,IDN,Indonesia,5321.0,1167.911,64039665.0,37402567.0,CIF/import value,-0.7805091148280399,True
2024-11,IRL,Ireland,9.0,634.0,72400.0,14867265.772,CIF/import value,69.44444444444444,False
2024-11,ISR,Israel,3103.0,6663.043,30693604.0,219956000.0,CIF/import value,1.1472906864324846,True
2024-11,ITA,Italy,9516.0,9141.0,95013208.0,110688104.185,CIF/import value,-0.03940731399747788,False
2024-11,JPN,Japan,2089.0,1587.0,55183649.0,39231766.248,CIF/import value,-0.24030636668262328,False
2024-11,KWT,Kuwait,6847.0,1999.018,94588480.0,57717660.0,CIF/import value,-0.7080446911055938,True
2024-11,KGZ,Kyrgyzstan,8750.0,4936.807,183865355.0,55554143.0,CIF/import value,-0.4357934857142858,True
2024-11,LVA,Latvia,115.0,111.0,79056.0,363724.155,CIF/import value,-0.034782608695652195,False
2024-11,LTU,Lithuania,294.0,184.0,1256876.0,159279.0,CIF/import value,-0.37414965986394555,False
2024-11,MYS,Malaysia,11876.0,2544.0,146446978.0,72382975.2,CIF/import value,-0.7857864600875716,False
2024-11,MLT,Malta,4.0,1.0,33344.0,36386.979,CIF/import value,-0.75,False
2024-11,MUS,Mauritius,215.0,317.0,2961410.0,5393857.774,FOB,0.4744186046511627,False
2024-11,MEX,Mexico,32705.0,,261374192.0,272003485.0,FOB,,False
2024-11,MNE,Montenegro,4.0,27.0,93900.0,510716.42,CIF/import value,5.75,False
2024-11,MMR,Myanmar,587.0,469.331,9688689.0,8636389.31,CIF/import value,-0.2004582623509369,True
2024-11,NAM,Namibia,1.0,1072.0,55829.0,851655.001,FOB,1071.0,False
2024-11,NLD,Netherlands,2723.0,1965.0,29477640.0,2250000.474,CIF/import value,-0.2783694454645611,False
2024-11,NZL,New Zealand,1763.0,1561.0,26787512.0,32759125.608,FOB,-0.1145774248440159,False
2024-11,NGA,Nigeria,661.0,34.725,7476862.0,1061019.618,CIF/import value,-0.9474659606656581,True
2024-11,MKD,North Macedonia,25.0,59.0,139791.0,679697.076,CIF/import value,1.3599999999999999,False
2024-11,NOR,Norway,299.0,3214.155,5519000.0,106616776.165,CIF/import value,9.749682274247492,True
2024-11,OMN,Oman,1508.0,508.796,20274194.0,13428101.409,CIF/import value,-0.6626021220159151,True
2024-11,PAK,Pakistan,2360.0,4695.92,25926289.0,23452050.507,CIF/import value,0.9897966101694915,True
2024-11,PAN,Panama,2216.0,1274.288,26348115.0,20142873.0,CIF/import value,-0.4249602888086642,True
2024-11,PRY,Paraguay,580.0,549.542,5561796.0,10188596.27,FOB,-0.05251379310344817,True
2024-11,PER,Peru,6248.0,3500.0,47213263.0,25230947.703,FOB,-0.43982074263764404,False
2024-11,PHL,Philippines,15036.0,6112.0,72695851.0,80312864.0,FOB,-0.5935089119446662,False
2024-11,POL,Poland,6823.0,4398.0,54852002.0,72049162.0,CIF/import value,-0.3554155063754947,False
2024-11,PRT,Portugal,362.0,63.0,1607003.0,901191.616,CIF/import value,-0.8259668508287292,False
2024-11,KOR,Rep. of Korea,4095.0,1867.848,78529745.0,56542975.0,CIF/import value,-0.5438710622710623,True
2024-11,MDA,Rep. of Moldova,548.0,1071.0,2875640.0,5856201.0,CIF/import value,0.9543795620437956,False
2024-11,ROU,Romania,2028.0,1278.0,3502736.0,9296519.41,FOB,-0.3698224852071006,False
2024-11,SAU,Saudi Arabia,21535.0,21446.098,270471725.0,344964606.043,CIF/import value,-0.004128256326909607,True
2024-11,SRB,Serbia,394.0,85.0,1344222.0,663128.0,FOB,-0.7842639593908629,False
2024-11,SGP,Singapore,1244.0,2410.0,25284186.0,25966258.121,CIF/import value,0.937299035369775,False
2024-11,SVK,Slovakia,186.0,826.0,1535666.0,22693964.455,FOB,3.440860215053763,False
2024-11,SVN,Slovenia,1159.0,279.0,11536132.0,4030270.592,CIF/import value,-0.7592752372735116,False
2024-11,ZAF,South Africa,10201.0,6646.0,106835252.0,64747179.566,FOB,-0.34849524556416034,False
2024-11,ESP,Spain,15546.0,15553.0,240860526.0,223950351.951,CIF/import value,0.0004502765984819579,False
2024-11,PSE,State of Palestine,95.0,123.53,2212724.0,3201154.569,CIF/import value,0.3003157894736843,True
2024-11,SWE,Sweden,2148.0,527.0,19422123.0,2587251.018,CIF/import value,-0.7546554934823091,False
2024-11,CHE,Switzerland,17.0,1145.37,121783.0,35515206.426,CIF/import value,66.37470588235294,True
2024-11,THA,Thailand,10084.0,5105.584,144077858.0,141866492.66,CIF/import value,-0.4936945656485522,True
2024-11,TGO,Togo,66.0,1.513,842601.0,39841.708,CIF/import value,-0.9770757575757576,True
2024-11,TTO,Trinidad and Tobago,65.0,244.0,1407758.0,1930076.095,CIF/import value,2.753846153846154,False
2024-11,TUR,Türkiye,11545.0,7910.0,157201556.0,118028376.0,FOB,-0.31485491554785616,False
2024-11,USA,USA,60339.0,64702.0,363824203.0,459448710.0,FOB,0.07230812575614443,False
2024-11,UKR,Ukraine,1188.0,2855.0,9839597.0,40349038.53,CIF/import value,1.4031986531986531,False
2024-11,GBR,United Kingdom,13740.0,28283.836,247702839.0,438764517.245,CIF/import value,1.0585033478893742,True
2024-11,UZB,Uzbekistan,5076.0,4104.0,92905174.0,50724145.99,CIF/import value,-0.19148936170212771,False
2024-11,YEM,Yemen,21.0,22.246,11848.0,375333.084,CIF/import value,0.05933333333333324,True
2024-11,ZWE,Zimbabwe,25.0,7.0,369759.0,6862.86,CIF/import value,-0.72,False
2024-12,AGO,Angola,271.0,203.687,3267999.0,4167862.16,FOB,-0.24838745387453876,True
2024-12,ARG,Argentina,1340.0,2004.0,13907377.0,23632278.48,FOB,0.4955223880597015,False
2024-12,AUS,Australia,12607.0,12584.0,200430989.0,167271801.56,FOB,-0.0018243832791305925,False
2024-12,BHR,Bahrain,1569.0,1250.0,20916310.0,18839106.751,CIF/import value,-0.2033142128744423,False
2024-12,BRB,Barbados,54.0,22.949,1426030.0,738097.0,CIF/import value,-0.5750185185185185,True
2024-12,BEL,Belgium,23063.0,2041.529,564639906.0,40367508.7,CIF/import value,-0.9114803364696701,True
2024-12,BLZ,Belize,7.0,1.396,93147.0,10502.755,CIF/import value,-0.8005714285714286,True
2024-12,BOL,Bolivia (Plurinational State of),865.0,292.73,11664676.0,5628344.0,FOB,-0.6615838150289017,True
2024-12,BIH,Bosnia Herzegovina,80.0,18.639,34350.0,398996.329,CIF/import value,-0.7670125,True
2024-12,BRA,Brazil,9419.0,6220.0,97528556.0,65091583.0,FOB,-0.3396326573946279,False
2024-12,BGR,Bulgaria,1028.0,1535.0,1751476.0,5583480.165,CIF/import value,0.49319066147859925,False
2024-12,BFA,Burkina Faso,31.0,49.888,229974.0,1293924.744,CIF/import value,0.6092903225806452,True
2024-12,KHM,Cambodia,1326.0,1550.0,27851155.0,25175777.38,CIF/import value,0.16892911010558076,False
2024-12,CAN,Canada,3237.0,2036.0,40524714.0,29745928.759,FOB,-0.3710225517454433,False
2024-12,CHL,Chile,9832.0,7031.002,89476757.0,71986630.963,FOB,-0.28488588283157035,True
2024-12,HKG,"China, Hong Kong SAR",1001.0,934.0,36592151.0,29333910.491,CIF/import value,-0.06693306693306689,False
2024-12,MAC,"China, Macao SAR",131.0,148.682,4391601.0,5139504.094,CIF/import value,0.13497709923664103,True
2024-12,COL,Colombia,1668.0,3424.0,16652004.0,41661733.55,FOB,1.0527577937649881,False
2024-12,HRV,Croatia,800.0,214.0,10613568.0,3022759.0,CIF/import value,-0.7324999999999999,False
2024-12,CYP,Cyprus,25.0,39.0,152683.0,17092.937,CIF/import value,0.56,False
2024-12,CZE,Czechia,1194.0,2402.0,7616086.0,24669262.0,FOB,1.0117252931323284,False
2024-12,DNK,Denmark,247.0,525.0,3369946.0,1856225.836,CIF/import value,1.1255060728744941,False
2024-12,DOM,Dominican Rep.,1277.0,12.0,12446862.0,13109239.315,FOB,-0.990602975724354,False
2024-12,ECU,Ecuador,2044.0,2946.0,25908283.0,24847798.22,CIF/import value,0.44129158512720146,False
2024-12,EGY,Egypt,8147.0,3308.227,85603390.0,77593722.835,CIF/import value,-0.5939331042101388,True
2024-12,SLV,El Salvador,412.0,63.858,2704912.0,1124003.55,CIF/import value,-0.845004854368932,True
2024-12,EST,Estonia,441.0,290.0,1253739.0,444521.55,CIF/import value,-0.3424036281179138,False
2024-12,FJI,Fiji,46.0,23.341,543488.0,253077.021,CIF/import value,-0.4925869565217391,True
2024-12,FIN,Finland,93.0,616.0,341352.0,20430609.588,CIF/import value,5.623655913978495,False
2024-12,FRA,France,4747.0,10323.0,32082239.0,154565130.514,CIF/import value,1.1746366125974301,False
2024-12,PYF,French Polynesia,217.0,38.0,2773008.0,385619.672,CIF/import value,-0.8248847926267281,False
2024-12,DEU,Germany,7911.0,15598.0,146135102.0,347952909.6,CIF/import value,0.9716849955757805,False
2024-12,GHA,Ghana,305.0,701.0,3492532.0,3142002.669,CIF/import value,1.2983606557377048,False
2024-12,GRC,Greece,694.0,390.0,7738990.0,5286900.323,CIF/import value,-0.43804034582132567,False
2024-12,GTM,Guatemala,2159.0,337.057,11021942.0,7355176.0,CIF/import value,-0.8438828161185734,True
2024-12,GUY,Guyana,25.0,5.0,762884.0,72681.364,FOB,-0.8,False
2024-12,HUN,Hungary,557.0,863.0,8069933.0,3237308.22,CIF/import value,0.5493716337522441,False
2024-12,ISL,Iceland,103.0,33.454,1822073.0,1089498.911,FOB,-0.6752038834951457,True
2024-12,IND,India,5815.0,410.0,6858013.0,5577657.492,CIF/import value,-0.9294926913155632,False
2024-12,IDN,Indonesia,4153.0,1483.522,51857232.0,48370713.0,CIF/import value,-0.6427830483987479,True
2024-12,IRL,Ireland,71.0,353.0,1246658.0,4634897.827,CIF/import value,3.971830985915493,False
2024-12,ISR,Israel,4569.0,26858.864,45278709.0,910860000.0,CIF/import value,4.878499452834318,True
2024-12,ITA,Italy,9887.0,7942.0,102397429.0,87503736.579,CIF/import value,-0.19672296955598256,False
2024-12,JPN,Japan,2337.0,2295.0,61726350.0,63820408.132,CIF/import value,-0.01797175866495504,False
2024-12,KWT,Kuwait,6078.0,4038.904,76840785.0,102893989.0,CIF/import value,-0.3354879894702205,True
2024-12,KGZ,Kyrgyzstan,9385.0,6116.371,159883739.0,69276299.0,CIF/import value,-0.3482822589238146,True
2024-12,LVA,Latvia,10.0,2.0,224805.0,54441.298,CIF/import value,-0.8,False
2024-12,LTU,Lithuania,311.0,286.0,1449960.0,295414.0,CIF/import value,-0.08038585209003213,False
2024-12,LUX,Luxembourg,6.0,213.0,10722.0,7686338.414,FOB,34.5,False
2024-12,MYS,Malaysia,9569.0,1262.0,115320720.0,32333619.027,CIF/import value,-0.8681157905737277,False
2024-12,MLT,Malta,1.0,106.0,33605.0,1156405.509,CIF/import value,105.0,False
2024-12,MUS,Mauritius,272.0,599.0,3592338.0,6241286.461,FOB,1.2022058823529411,False
2024-12,MEX,Mexico,25679.0,,225882100.0,263318519.0,FOB,,False
2024-12,MNE,Montenegro,14.0,20.0,148300.0,394543.757,CIF/import value,0.4285714285714286,False
2024-12,MMR,Myanmar,812.0,75604.392,16128123.0,10162177.16,CIF/import value,92.10885714285715,True
2024-12,NLD,Netherlands,8003.0,2418.0,117812281.0,18170893.348,CIF/import value,-0.6978633012620268,False
2024-12,NZL,New Zealand,659.0,1273.0,5853860.0,17662916.738,FOB,0.9317147192716237,False
2024-12,NGA,Nigeria,631.0,134.499,7643253.0,3544168.291,CIF/import value,-0.7868478605388273,True
2024-12,MKD,North Macedonia,94.0,218.0,558975.0,1054212.974,CIF/import value,1.3191489361702127,False
2024-12,NOR,Norway,955.0,1243.82,17352075.0,40858038.396,CIF/import value,0.3024293193717278,True
2024-12,OMN,Oman,2189.0,1033.618,36188755.0,26996156.005,CIF/import value,-0.5278126998629511,True
2024-12,PAK,Pakistan,2162.0,80862.831,21998026.0,32220731.546,CIF/import value,36.401864477335806,True
2024-12,PAN,Panama,2494.0,1186.827,28686724.0,19048803.0,CIF/import value,-0.5241271050521251,True
2024-12,PRY,Paraguay,401.0,501.465,5699169.0,9541885.02,FOB,0.2505361596009974,True
2024-12,PER,Peru,5785.0,4761.0,47778392.0,32501255.645,FOB,-0.17700950734658605,False
2024-12,PHL,Philippines,12989.0,3626.0,67097523.0,36193481.0,FOB,-0.7208407113711602,False
2024-12,POL,Poland,5926.0,5516.0,54629342.0,90356918.0,CIF/import value,-0.06918663516706036,False
2024-12,PRT,Portugal,479.0,21.0,3700810.0,402940.422,CIF/import value,-0.9561586638830898,False
2024-12,KOR,Rep. of Korea,2936.0,2766.152,45499080.0,78109787.0,CIF/import value,-0.05785013623978197,True
2024-12,MDA,Rep. of Moldova,536.0,1123.0,4061638.0,7220470.0,CIF/import value,1.0951492537313432,False
2024-12,ROU,Romania,2814.0,591.0,6227470.0,5623914.19,FOB,-0.7899786780383795,False
2024-12,SAU,Saudi Arabia,28624.0,25089.811,349658285.0,417851785.02,CIF/import value,-0.12346943124650633,True
2024-12,SRB,Serbia,842.0,231.0,6322954.0,2218492.0,FOB,-0.7256532066508313,False
2024-12,SGP,Singapore,1379.0,1255.0,35971762.0,28524556.447,CIF/import value,-0.08992023205221178,False
2024-12,SVK,Slovakia,106.0,309.0,1609224.0,6690858.966,FOB,1.9150943396226414,False
2024-12,SVN,Slovenia,2550.0,299.0,30987801.0,4244847.421,CIF/import value,-0.8827450980392157,False
2024-12,ZAF,South Africa,6580.0,5159.0,64198441.0,54380715.053,FOB,-0.2159574468085106,False
2024-12,ESP,Spain,13355.0,14023.0,218231624.0,176233703.903,CIF/import value,0.05001871958068138,False
2024-12,SWE,Sweden,2042.0,442.0,28480488.0,2675727.648,CIF/import value,-0.7835455435847208,False
2024-12,CHE,Switzerland,39.0,963.0,767167.0,24705845.232,CIF/import value,23.692307692307693,False
2024-12,THA,Thailand,13070.0,5276.07,133715903.0,142532906.502,CIF/import value,-0.5963221117061974,True
2024-12,TGO,Togo,73.0,70.859,1238409.0,1437364.414,CIF/import value,-0.02932876712328769,True
2024-12,TTO,Trinidad and Tobago,93.0,51.0,2268755.0,1198823.639,CIF/import value,-0.4516129032258065,False
2024-12,TUR,Türkiye,11597.0,5830.0,80679187.0,110237139.0,FOB,-0.4972837802880056,False
2024-12,USA,USA,34781.0,50711.0,300738863.0,356603905.0,FOB,0.45800868290158414,False
2024-12,UKR,Ukraine,903.0,3076.0,12317592.0,32567220.5,CIF/import value,2.406423034330011,False
2024-12,GBR,United Kingdom,13816.0,26705.0,290078301.0,399107275.504,CIF/import value,0.9329038795599305,False
2024-12,UZB,Uzbekistan,9430.0,5347.0,158470371.0,73554639.98,CIF/import value,-0.43297985153764584,False
2024-12,ZWE,Zimbabwe,43.0,26.221,201737.0,64705.108,CIF/import value,-0.3902093023255814,True
